title,datetime,link
Match day roster taking on Scotland in Ottawa named for Canada’s Men’s Rugby Team,2024-07-03 15:27:02.930379,news.google.com/articles/CBMicmh0dHBzOi8vcnVnYnkuY2EvZW4vbmV3cy8yMDI0LzA3L21hdGNoLWRheS1yb3N0ZXItdGFraW5nLW9uLXNjb3RsYW5kLWluLW90dGF3YS1uYW1lZC1mb3ItY2FuYWRhLXMtbWVuLXMtcnVnYnktdGVhbdIBAA?hl=en-CA&gl=CA&ceid=CA%3Aen
Skate Canada Names 25 Athletes & Three Synchronized Skating Teams to 2024-2025 National Team,2024-07-03 15:27:02.930379,news.google.com/articles/CBMiemh0dHBzOi8vc2thdGVjYW5hZGEuY2EvMjAyNC8wNy9za2F0ZS1jYW5hZGEtbmFtZXMtMjUtYXRobGV0ZXMtdGhyZWUtc3luY2hyb25pemVkLXNrYXRpbmctdGVhbXMtdG8tMjAyNC0yMDI1LW5hdGlvbmFsLXRlYW0v0gEA?hl=en-CA&gl=CA&ceid=CA%3Aen
Canadian Dream? High housing costs has two-in-five recent immigrants saying they may leave their province (or Canada),2024-07-03 15:27:02.945959,news.google.com/articles/CBMiUmh0dHBzOi8vYW5ndXNyZWlkLm9yZy9jYW5hZGEtaW50ZXJwcm92aW5jaWFsLW1pZ3JhdGlvbi1ob3VzaW5nLWNyaXNpcy1pbW1pZ3JhdGlvbi_SAQA?hl=en-CA&gl=CA&ceid=CA%3Aen
"Measuring Progressivity in Canada’s Tax System, 2024",2024-07-03 15:27:02.945959,news.google.com/articles/CBMiWmh0dHBzOi8vd3d3LmZyYXNlcmluc3RpdHV0ZS5vcmcvc3R1ZGllcy9tZWFzdXJpbmctcHJvZ3Jlc3Npdml0eS1pbi1jYW5hZGFzLXRheC1zeXN0ZW0tMjAyNNIBAA?hl=en-CA&gl=CA&ceid=CA%3Aen
IGNITE the Lights Across Canada,2024-07-03 15:27:02.945959,news.google.com/articles/CBMiI2h0dHBzOi8vcGFyYWx5bXBpYy5jYS9pZ25pdGVjYW5hZGEv0gEA?hl=en-CA&gl=CA&ceid=CA%3Aen
Vestas secures 347 MW EnVentus order in Canada,2024-07-03 15:27:02.945959,news.google.com/articles/CBMiaWh0dHBzOi8vd3d3LnZlc3Rhcy5jb20vZW4vbWVkaWEvY29tcGFueS1uZXdzLzIwMjQvdmVzdGFzLXNlY3VyZXMtMzQ3LW13LWVudmVudHVzLW9yZGVyLWluLWNhbmFkYS1jNDAxMDY4MNIBAA?hl=en-CA&gl=CA&ceid=CA%3Aen
Canada officially joins Horizon Europe,2024-07-03 15:27:02.945959,news.google.com/articles/CBMiVmh0dHBzOi8vc2NpZW5jZWJ1c2luZXNzLm5ldC9uZXdzL2hvcml6b24tZXVyb3BlL2NhbmFkYS1vZmZpY2lhbGx5LWpvaW5zLWhvcml6b24tZXVyb3Bl0gEA?hl=en-CA&gl=CA&ceid=CA%3Aen
CDS Message: Appointment of the new Chief of the Defence Staff,2024-07-03 15:27:02.945959,news.google.com/articles/CBMikgFodHRwczovL3d3dy5jYW5hZGEuY2EvZW4vZGVwYXJ0bWVudC1uYXRpb25hbC1kZWZlbmNlL21hcGxlLWxlYWYvZGVmZW5jZS8yMDI0LzA3L2Nkcy1tZXNzYWdlLWFwcG9pbnRtZW50LW9mLXRoZS1uZXctY2hpZWYtb2YtdGhlLWRlZmVuY2Utc3RhZmYuaHRtbNIBAA?hl=en-CA&gl=CA&ceid=CA%3Aen
Breaking standout Phil Wizard set to rep Team Canada at Paris 2024,2024-07-03 15:27:02.977255,news.google.com/articles/CBMiTGh0dHBzOi8vb2x5bXBpYy5jYS8yMDI0LzA3LzAzL3RlYW0tY2FuYWRhLWFubm91Y21lbnQtcGhpbC13aXphcmQtcGFyaXMtMjAyNC_SAQA?hl=en-CA&gl=CA&ceid=CA%3Aen
Joint statement by Prime Minister Trudeau and President von der Leyen on the association of Canada to Horizon Europe,2024-07-03 15:27:02.984815,news.google.com/articles/CBMic2h0dHBzOi8vd3d3LnBtLmdjLmNhL2VuL25ld3Mvc3RhdGVtZW50cy8yMDI0LzA3LzAzL2pvaW50LXN0YXRlbWVudC1wcmltZS1taW5pc3Rlci10cnVkZWF1LWFuZC1wcmVzaWRlbnQtdm9uLWRlci1sZXnSAQA?hl=en-CA&gl=CA&ceid=CA%3Aen
Cost of living has immigrants considering leaving Canada: poll,2024-07-03 15:27:02.984815,news.google.com/articles/CBMiVGh0dHBzOi8vdmFuY291dmVyLmNpdHluZXdzLmNhLzIwMjQvMDcvMDMvY29zdC1vZi1saXZpbmctY2FuYWRpYW4taW1taWdyYW50cy1sZWF2aW5nL9IBAA?hl=en-CA&gl=CA&ceid=CA%3Aen
Lt.-Gen. Jennie Carignan will be Canada’s 1st female defence chief,2024-07-03 15:27:02.984815,news.google.com/articles/CBMiUGh0dHBzOi8vZ2xvYmFsbmV3cy5jYS9uZXdzLzEwNjAxNjUyL2plbm5pZS1jYXJpZ25hbi1uZXctY2hpZWYtb2YtZGVmZW5jZS1jYW5hZGEv0gFUaHR0cHM6Ly9nbG9iYWxuZXdzLmNhL25ld3MvMTA2MDE2NTIvamVubmllLWNhcmlnbmFuLW5ldy1jaGllZi1vZi1kZWZlbmNlLWNhbmFkYS9hbXAv?hl=en-CA&gl=CA&ceid=CA%3Aen
Lt.-Gen. Jennie Carignan named Canada's newest chief of the defence staff,2024-07-03 15:27:02.984815,news.google.com/articles/CBMiW2h0dHBzOi8vd3d3LmNiYy5jYS9uZXdzL3BvbGl0aWNzL2plbm5pZS1jYXJpZ25hbi1uYW1lZC1jaGllZi1vZi10aGUtZGVmZW5jZS1zdGFmZi0xLjcyNTMyNTbSASBodHRwczovL3d3dy5jYmMuY2EvYW1wLzEuNzI1MzI1Ng?hl=en-CA&gl=CA&ceid=CA%3Aen
Here's how many medals Canada might win at the Olympics,2024-07-03 15:27:02.984815,news.google.com/articles/CBMiWmh0dHBzOi8vd3d3LmNiYy5jYS9zcG9ydHMvdGhlLWJ1enplci1uZXdzbGV0dGVyLWNhbmFkYS1tZWRhbC1wcmVkaWN0aW9uLW9seW1waWNzLTEuNzI1MzU2MdIBIGh0dHBzOi8vd3d3LmNiYy5jYS9hbXAvMS43MjUzNTYx?hl=en-CA&gl=CA&ceid=CA%3Aen
"“We don’t want it to catch on like wildfire,” says Health Canada on clinics charging patients",2024-07-03 15:27:02.993374,news.google.com/articles/CBMieWh0dHBzOi8vd3d3LmhlYWx0aGNvYWxpdGlvbi5jYS93ZS1kb250LXdhbnQtaXQtdG8tY2F0Y2gtb24tbGlrZS13aWxkZmlyZS1zYXlzLWhlYWx0aC1jYW5hZGEtb24tY2xpbmljcy1jaGFyZ2luZy1wYXRpZW50cy_SAQA?hl=en-CA&gl=CA&ceid=CA%3Aen
Nearly 40% of new Canadians say they're considering leaving their province — or Canada — over high housing costs,2024-07-03 15:27:02.993374,news.google.com/articles/CBMisgFodHRwczovL3d3dy50aGVzdGFyLmNvbS9uZXdzL2NhbmFkYS9uZWFybHktNDAtb2YtbmV3LWNhbmFkaWFucy1zYXktdGhleXJlLWNvbnNpZGVyaW5nLWxlYXZpbmctdGhlaXItcHJvdmluY2Utb3ItY2FuYWRhLW92ZXItaGlnaC9hcnRpY2xlXzAwMjZmNTQ2LTM5MzctMTFlZi05N2I5LWE3Mzk3ZTA1OGYxYS5odG1s0gG2AWh0dHBzOi8vd3d3LnRoZXN0YXIuY29tL25ld3MvY2FuYWRhL25lYXJseS00MC1vZi1uZXctY2FuYWRpYW5zLXNheS10aGV5cmUtY29uc2lkZXJpbmctbGVhdmluZy10aGVpci1wcm92aW5jZS1vci1jYW5hZGEtb3Zlci1oaWdoL2FydGljbGVfMDAyNmY1NDYtMzkzNy0xMWVmLTk3YjktYTczOTdlMDU4ZjFhLmFtcC5odG1s?hl=en-CA&gl=CA&ceid=CA%3Aen
Proof point: Rental housing construction picks up in Canada but will it be enough?,2024-07-03 15:27:03.009077,news.google.com/articles/CBMigAFodHRwczovL3Rob3VnaHRsZWFkZXJzaGlwLnJiYy5jb20vcHJvb2YtcG9pbnQtcmVudGFsLWhvdXNpbmctY29uc3RydWN0aW9uLWlzLWZpbmFsbHktcGlja2luZy11cC1pbi1jYW5hZGEtYnV0LXdpbGwtaXQtYmUtZW5vdWdoL9IBAA?hl=en-CA&gl=CA&ceid=CA%3Aen
MP Housefather denounces antisemitic poster telling him to 'get out of Canada',2024-07-03 15:27:03.009077,news.google.com/articles/CBMiS2h0dHBzOi8vd3d3LmNiYy5jYS9uZXdzL3BvbGl0aWNzL2hvdXNlZmF0aGVyLW1wLWFudGlzZW10aWMtcG9zdGVyLTEuNzI1MzAwNtIBIGh0dHBzOi8vd3d3LmNiYy5jYS9hbXAvMS43MjUzMDA2?hl=en-CA&gl=CA&ceid=CA%3Aen
First-ever breaking athlete named to Canadian Olympic Team,2024-07-03 15:27:03.009077,news.google.com/articles/CBMiVGh0dHBzOi8vb2x5bXBpYy5jYS9wcmVzcy9maXJzdC1ldmVyLWJyZWFraW5nLWF0aGxldGUtbmFtZWQtdG8tY2FuYWRpYW4tb2x5bXBpYy10ZWFtL9IBAA?hl=en-CA&gl=CA&ceid=CA%3Aen
Prince Albert National Park,2024-07-04 15:27:02.930379,news.google.com/articles/CBMiLWh0dHBzOi8vcGFya3MuY2FuYWRhLmNhL3BuLW5wL3NrL3ByaW5jZWFsYmVydNIBAA?hl=en-CA&gl=CA&ceid=CA%3Aen
"Workers at Canada Border Services Agency ratify tentative agreement for more than 9,000 workers",2024-07-04 15:27:02.945959,news.google.com/articles/CBMiQWh0dHBzOi8vcHNhY3VuaW9uLmNhL3dvcmtlcnMtY2FuYWRhLWJvcmRlci1zZXJ2aWNlcy1hZ2VuY3ktcmF0aWZ50gEA?hl=en-CA&gl=CA&ceid=CA%3Aen
Alice Munro Was Bigger than Canada,2024-07-04 15:27:02.945959,news.google.com/articles/CBMiOGh0dHBzOi8vdGhld2FscnVzLmNhL2FsaWNlLW11bnJvLXdhcy1iaWdnZXItdGhhbi1jYW5hZGEv0gEA?hl=en-CA&gl=CA&ceid=CA%3Aen
Canada’s digital services tax is here. How could it affect you?,2024-07-04 15:27:02.945959,news.google.com/articles/CBMiOWh0dHBzOi8vZ2xvYmFsbmV3cy5jYS9uZXdzLzEwNjA0OTEyL2RpZ2l0YWwtc2VydmljZXMtdGF4L9IBPWh0dHBzOi8vZ2xvYmFsbmV3cy5jYS9uZXdzLzEwNjA0OTEyL2RpZ2l0YWwtc2VydmljZXMtdGF4L2FtcC8?hl=en-CA&gl=CA&ceid=CA%3Aen
Canada to deport one of Iran's Larijani brothers after granting him PR status,2024-07-04 15:27:02.977255,news.google.com/articles/CBMiKGh0dHBzOi8vd3d3LmlyYW5pbnRsLmNvbS9lbi8yMDI0MDcwNDcyMjTSAQA?hl=en-CA&gl=CA&ceid=CA%3Aen
Canada to host the 70th annual NATO session in Montreal,2024-07-04 15:27:02.977255,news.google.com/articles/CBMiYWh0dHBzOi8vd3d3LmN0dm5ld3MuY2EvcG9saXRpY3MvY2FuYWRhLXRvLWhvc3QtdGhlLTcwdGgtYW5udWFsLW5hdG8tc2Vzc2lvbi1pbi1tb250cmVhbC0xLjY5NTIxMDXSAQA?hl=en-CA&gl=CA&ceid=CA%3Aen
U of T community members recognized with Order of Canada,2024-07-04 15:27:02.977255,news.google.com/articles/CBMiTGh0dHBzOi8vd3d3LnV0b3JvbnRvLmNhL25ld3MvdS10LWNvbW11bml0eS1tZW1iZXJzLXJlY29nbml6ZWQtb3JkZXItY2FuYWRhLTHSAQA?hl=en-CA&gl=CA&ceid=CA%3Aen
Why Canada must act urgently to give undocumented migrants legal status,2024-07-04 15:27:02.984815,news.google.com/articles/CBMiamh0dHBzOi8vdGhlY29udmVyc2F0aW9uLmNvbS93aHktY2FuYWRhLW11c3QtYWN0LXVyZ2VudGx5LXRvLWdpdmUtdW5kb2N1bWVudGVkLW1pZ3JhbnRzLWxlZ2FsLXN0YXR1cy0yMzI2ODbSAQA?hl=en-CA&gl=CA&ceid=CA%3Aen
Permanent Residence in Canada is not guaranteed for international students,2024-07-04 15:27:02.984815,news.google.com/articles/CBMid2h0dHBzOi8vd3d3LmNpY25ld3MuY29tLzIwMjQvMDcvcGVybWFuZW50LXJlc2lkZW5jZS1pbi1jYW5hZGEtaXMtbm90LWd1YXJhbnRlZWQtZm9yLWludGVybmF0aW9uYWwtc3R1ZGVudHMtMDc0NDg1Ni5odG1s0gF7aHR0cHM6Ly93d3cuY2ljbmV3cy5jb20vMjAyNC8wNy9wZXJtYW5lbnQtcmVzaWRlbmNlLWluLWNhbmFkYS1pcy1ub3QtZ3VhcmFudGVlZC1mb3ItaW50ZXJuYXRpb25hbC1zdHVkZW50cy0wNzQ0ODU2Lmh0bWwvYW1w?hl=en-CA&gl=CA&ceid=CA%3Aen
Team Canada’s women’s water polo team seeks to make a splash at Paris 2024,2024-07-04 15:27:02.993374,news.google.com/articles/CBMiZ2h0dHBzOi8vb2x5bXBpYy5jYS8yMDI0LzA3LzA0L3RlYW0tY2FuYWRhcy13b21lbnMtd2F0ZXItcG9sby10ZWFtLXNlZWtzLXRvLW1ha2UtYS1zcGxhc2gtYXQtcGFyaXMtMjAyNC_SAQA?hl=en-CA&gl=CA&ceid=CA%3Aen
Creating Online harms regulators expected to cost Canada $200 million: PBO,2024-07-04 15:27:02.993374,news.google.com/articles/CBMicmh0dHBzOi8vd3d3LmN0dm5ld3MuY2EvcG9saXRpY3MvY3JlYXRpbmctb25saW5lLWhhcm1zLXJlZ3VsYXRvcnMtZXhwZWN0ZWQtdG8tY29zdC1jYW5hZGEtMjAwLW1pbGxpb24tcGJvLTEuNjk1MTIyMtIBAA?hl=en-CA&gl=CA&ceid=CA%3Aen
Canada’s digital services tax enters into force,2024-07-04 15:27:02.993374,news.google.com/articles/CBMiWWh0dHBzOi8vd3d3Lm9zbGVyLmNvbS9lbi9pbnNpZ2h0cy91cGRhdGVzL2NhbmFkYXMtZGlnaXRhbC1zZXJ2aWNlcy10YXgtZW50ZXJzLWludG8tZm9yY2Uv0gEA?hl=en-CA&gl=CA&ceid=CA%3Aen
"Liberal government enacts controversial digital services tax, raising trade concerns",2024-07-04 15:27:02.993374,news.google.com/articles/CBMiS2h0dHBzOi8vd3d3LmNiYy5jYS9uZXdzL3BvbGl0aWNzL2RpZ2l0YWwtc2VydmljZXMtdGF4LWltcGxlbWVudGVkLTEuNzI1NDM1NtIBIGh0dHBzOi8vd3d3LmNiYy5jYS9hbXAvMS43MjU0MzU2?hl=en-CA&gl=CA&ceid=CA%3Aen
Canada's world junior team coming to Windsor for four days this month,2024-07-04 15:27:02.993374,news.google.com/articles/CBMiY2h0dHBzOi8vd2luZHNvcnN0YXIuY29tL3Nwb3J0cy9jYW5hZGFzLXdvcmxkLWp1bmlvci10ZWFtLWNvbWluZy10by13aW5kc29yLWZvci1mb3VyLWRheXMtdGhpcy1tb250aNIBAA?hl=en-CA&gl=CA&ceid=CA%3Aen
Pro-Palestine protesters make pitch at disrupting Team Israel at Canada Cup women's softball tournament,2024-07-04 15:27:02.993374,news.google.com/articles/CBMibWh0dHBzOi8vdGhlcHJvdmluY2UuY29tL3Nwb3J0cy9wcm8tcGFsZXN0aW5lLXByb3Rlc3RlcnMtZGlzcnVwdC10ZWFtLWlzcmFlbC1hdC1jYW5hZGEtY3VwLXNvZnRiYWxsLXRvdXJuYW1lbnTSAQA?hl=en-CA&gl=CA&ceid=CA%3Aen
Head of Canada's spy agency announces he's stepping down from the job,2024-07-04 15:27:03.009077,news.google.com/articles/CBMiVmh0dHBzOi8vd3d3LmNiYy5jYS9uZXdzL3BvbGl0aWNzL2RhdmlkLXZpZ25lYXVsdC1zdGVwcGluZy1kb3duLWNzaXMtZGlyZWN0b3ItMS43MjU0OTA50gEgaHR0cHM6Ly93d3cuY2JjLmNhL2FtcC8xLjcyNTQ5MDk?hl=en-CA&gl=CA&ceid=CA%3Aen
Nutrition labelling: List of ingredients,2024-07-05 15:27:02.930379,news.google.com/articles/CBMiZ2h0dHBzOi8vd3d3LmNhbmFkYS5jYS9lbi9oZWFsdGgtY2FuYWRhL3NlcnZpY2VzL2Zvb2QtbnV0cml0aW9uL251dHJpdGlvbi1sYWJlbGxpbmcvaW5ncmVkaWVudC1saXN0Lmh0bWzSAQA?hl=en-CA&gl=CA&ceid=CA%3Aen
Dressage and eventing athletes and horses named to Team Canada for Paris 2024,2024-07-05 15:27:02.930379,news.google.com/articles/CBMibGh0dHBzOi8vb2x5bXBpYy5jYS8yMDI0LzA3LzA1L2RyZXNzYWdlLWFuZC1ldmVudGluZy1hdGhsZXRlcy1hbmQtaG9yc2VzLW5hbWVkLXRvLXRlYW0tY2FuYWRhLWZvci1wYXJpcy0yMDI0L9IBAA?hl=en-CA&gl=CA&ceid=CA%3Aen
Air Canada has new policy on sacred items in the cabin after incident with national chief's headdress,2024-07-05 15:27:02.930379,news.google.com/articles/CBMiT2h0dHBzOi8vd3d3LmNiYy5jYS9uZXdzL2luZGlnZW5vdXMvYWlyLWNhbmFkYS1uZXctcG9saWN5LXNhY3JlZC1pdGVtcy0xLjcyNTYwNzHSASBodHRwczovL3d3dy5jYmMuY2EvYW1wLzEuNzI1NjA3MQ?hl=en-CA&gl=CA&ceid=CA%3Aen
Team Canada’s Athletics Squad Grows Ahead of Paris 2024,2024-07-05 15:27:02.930379,news.google.com/articles/CBMiXGh0dHBzOi8vYXRobGV0aWNzLmNhL2Jsb2cvMjAyNC8wNy8wNS90ZWFtLWNhbmFkYXMtYXRobGV0aWNzLXNxdWFkLWdyb3dzLWFoZWFkLW9mLXBhcmlzLTIwMjQv0gEA?hl=en-CA&gl=CA&ceid=CA%3Aen
Canada semi-final bound after heart-stopping penalty shootout win over Venezuela in Copa América QF,2024-07-05 15:27:02.930379,news.google.com/articles/CBMifGh0dHBzOi8vY2FucGwuY2EvYXJ0aWNsZS9jYW5hZGEtYm91bmQtZm9yLXNlbWktZmluYWxzLWFmdGVyLXRocmlsbGluZy1wZW5hbHR5LXNob290b3V0LXdpbi1vdmVyLXZlbmV6dWVsYS1pbi1jb3BhLWFtZXJpY2EtcWbSAQA?hl=en-CA&gl=CA&ceid=CA%3Aen
"Canada beats Venezuela in penalty kicks, reaches semis in 1st Copa America",2024-07-05 15:27:02.930379,news.google.com/articles/CBMiVWh0dHBzOi8vd3d3LmNiYy5jYS9zcG9ydHMvc29jY2VyL2NhbmFkYS12ZW5lenVlbGEtY29wYS1hbWVyaWNhLXJlY2FwLWp1bHktNS0xLjcyNTYyNTjSASBodHRwczovL3d3dy5jYmMuY2EvYW1wLzEuNzI1NjI1OA?hl=en-CA&gl=CA&ceid=CA%3Aen
Team Canada’s Paris 2024 equestrian dressage and eventing teams unveiled,2024-07-05 15:27:02.930379,news.google.com/articles/CBMiYWh0dHBzOi8vb2x5bXBpYy5jYS9wcmVzcy90ZWFtLWNhbmFkYXMtcGFyaXMtMjAyNC1lcXVlc3RyaWFuLWRyZXNzYWdlLWFuZC1ldmVudGluZy10ZWFtcy11bnZlaWxlZC_SAQA?hl=en-CA&gl=CA&ceid=CA%3Aen
Canadian unemployment rate rose to 6.4% in June as jobs market stalls,2024-07-05 15:27:02.945959,news.google.com/articles/CBMiaGh0dHBzOi8vd3d3LmNwMjQuY29tL25ld3MvY2FuYWRpYW4tdW5lbXBsb3ltZW50LXJhdGUtcm9zZS10by02LTQtaW4tanVuZS1hcy1qb2JzLW1hcmtldC1zdGFsbHMtMS42OTUyNDkx0gEA?hl=en-CA&gl=CA&ceid=CA%3Aen
Canada beat Venezuela on penalties to reach Copa America semifinals,2024-07-05 15:27:02.945959,news.google.com/articles/CBMia2h0dHBzOi8vd3d3LmN0dm5ld3MuY2Evc3BvcnRzL2NhbmFkYS1iZWF0LXZlbmV6dWVsYS1vbi1wZW5hbHRpZXMtdG8tcmVhY2gtY29wYS1hbWVyaWNhLXNlbWlmaW5hbHMtMS42OTUzMTk10gEA?hl=en-CA&gl=CA&ceid=CA%3Aen
A new U.K. government renews hopes for a free trade deal with Canada,2024-07-05 15:27:02.945959,news.google.com/articles/CBMiT2h0dHBzOi8vd3d3LmNiYy5jYS9uZXdzL3BvbGl0aWNzL2xhYm91ci11ay1lbGVjdGlvbi1mcmVlLXRyYWRlLWNhbmFkYS0xLjcyNTU3NzPSASBodHRwczovL3d3dy5jYmMuY2EvYW1wLzEuNzI1NTc3Mw?hl=en-CA&gl=CA&ceid=CA%3Aen
Canada Soccer delivers new level of competition with PDP Championship,2024-07-05 15:27:02.945959,news.google.com/articles/CBMiZGh0dHBzOi8vY2FuYWRhc29jY2VyLmNvbS9uZXdzL2NhbmFkYS1zb2NjZXItZGVsaXZlcnMtbmV3LWxldmVsLW9mLWNvbXBldGl0aW9uLXdpdGgtcGRwLWNoYW1waW9uc2hpcC_SAQA?hl=en-CA&gl=CA&ceid=CA%3Aen
Canada leads Venezuela after first half of Copa America quarters showdown,2024-07-05 15:27:02.977255,news.google.com/articles/CBMicmh0dHBzOi8vd3d3LnRzbi5jYS9zb2NjZXIvY2FuYWRhLWxlYWRzLXZlbmV6dWVsYS1hZnRlci1maXJzdC1oYWxmLW9mLWNvcGEtYW1lcmljYS1xdWFydGVyLWZpbmFsLXNob3dkb3duLTEuMjE0NTA2ONIBc2h0dHBzOi8vd3d3LnRzbi5jYS9jYW5hZGEtbGVhZHMtdmVuZXp1ZWxhLWFmdGVyLWZpcnN0LWhhbGYtb2YtY29wYS1hbWVyaWNhLXF1YXJ0ZXItZmluYWwtc2hvd2Rvd24tMS4yMTQ1MDY4P3Rzbi1hbXA?hl=en-CA&gl=CA&ceid=CA%3Aen
Is Canada still on fire in 2024?,2024-07-05 15:27:02.977255,news.google.com/articles/CBMiO2h0dHBzOi8vZWNvanVzdGljZS5jYS9uZXdzL2lzLWNhbmFkYS1zdGlsbC1vbi1maXJlLWluLTIwMjQv0gEA?hl=en-CA&gl=CA&ceid=CA%3Aen
Motivated Canada ready to face Venezuela in Copa America quarter-final on TSN,2024-07-05 15:27:02.984815,news.google.com/articles/CBMicWh0dHBzOi8vd3d3LnRzbi5jYS9zb2NjZXIvbW90aXZhdGVkLWNhbmFkYS1yZWFkeS10by1mYWNlLXZlbmV6dWVsYS1pbi1jb3BhLWFtZXJpY2EtcXVhcnRlci1maW5hbC1vbi10c24tMS4yMTQ0Njc20gFyaHR0cHM6Ly93d3cudHNuLmNhL21vdGl2YXRlZC1jYW5hZGEtcmVhZHktdG8tZmFjZS12ZW5lenVlbGEtaW4tY29wYS1hbWVyaWNhLXF1YXJ0ZXItZmluYWwtb24tdHNuLTEuMjE0NDY3Nj90c24tYW1w?hl=en-CA&gl=CA&ceid=CA%3Aen
Canada edges Venezuela in shootout thriller; advances to Copa America semis,2024-07-05 15:27:02.984815,news.google.com/articles/CBMiZGh0dHBzOi8vd3d3LnRzbi5jYS9zb2NjZXIvY2FuYWRhLWRlZmVhdHMtdmVuZXp1ZWxhLWluLXBlbmFsdGllcy10by1hZHZhbmNlLWF0LWNvcGEtYW1lcmljYS0xLjIxNDUwOTHSAWVodHRwczovL3d3dy50c24uY2EvY2FuYWRhLWRlZmVhdHMtdmVuZXp1ZWxhLWluLXBlbmFsdGllcy10by1hZHZhbmNlLWF0LWNvcGEtYW1lcmljYS0xLjIxNDUwOTE_dHNuLWFtcA?hl=en-CA&gl=CA&ceid=CA%3Aen
What will the Canada-U.K. relationship look like under a Labour government?,2024-07-05 15:27:02.993374,news.google.com/articles/CBMiPmh0dHBzOi8vZ2xvYmFsbmV3cy5jYS9uZXdzLzEwNjAyNjAwL3VrLWVsZWN0aW9uLWxhYm91ci1jYW5hZGEv0gFCaHR0cHM6Ly9nbG9iYWxuZXdzLmNhL25ld3MvMTA2MDI2MDAvdWstZWxlY3Rpb24tbGFib3VyLWNhbmFkYS9hbXAv?hl=en-CA&gl=CA&ceid=CA%3Aen
"'Canada's standing in the world has slipped' under Trudeau, Marc Garneau says in autobiography",2024-07-05 15:27:02.993374,news.google.com/articles/CBMiW2h0dHBzOi8vd3d3LmNiYy5jYS9uZXdzL3BvbGl0aWNzL21hcmMtZ2FybmVhdS10cnVkZWF1LWNhbmFkYS1yZXB1dGF0aW9uLXN1ZmZlcmluZy0xLjcyNTUxMjDSASBodHRwczovL3d3dy5jYmMuY2EvYW1wLzEuNzI1NTEyMA?hl=en-CA&gl=CA&ceid=CA%3Aen
Ontario judge authorizes sales process for The Body Shop Canada,2024-07-05 15:27:02.993374,news.google.com/articles/CBMiY2h0dHBzOi8vd3d3LmNwMjQuY29tL25ld3Mvb250YXJpby1qdWRnZS1hdXRob3JpemVzLXNhbGVzLXByb2Nlc3MtZm9yLXRoZS1ib2R5LXNob3AtY2FuYWRhLTEuNjk1MzAyNdIBAA?hl=en-CA&gl=CA&ceid=CA%3Aen
"Canadian unemployment rate rises to 6.4%, with student summer jobs especially hard to come by",2024-07-05 15:27:02.993374,news.google.com/articles/CBMiQ2h0dHBzOi8vd3d3LmNiYy5jYS9uZXdzL2J1c2luZXNzL2p1bmUtbGFib3VyLWZvcmNlLXN1cnZleS0xLjcyNTUxNDDSASBodHRwczovL3d3dy5jYmMuY2EvYW1wLzEuNzI1NTE0MA?hl=en-CA&gl=CA&ceid=CA%3Aen
Canada's unemployment rate rises to 6.4% as job market stalls,2024-07-05 15:27:02.993374,news.google.com/articles/CBMiUmh0dHBzOi8vZmluYW5jaWFscG9zdC5jb20vbmV3cy9jYW5hZGEtdW5lbXBsb3ltZW50LXJhdGUtcmlzZXMtYXMtam9iLW1hcmtldC1zdGFsbHPSAQA?hl=en-CA&gl=CA&ceid=CA%3Aen
Unemployment rose to 6.4% in June: Statistics Canada,2024-07-05 15:27:02.993374,news.google.com/articles/CBMiXWh0dHBzOi8vd3d3LmJubmJsb29tYmVyZy5jYS9zdGF0aXN0aWNzLWNhbmFkYS10by1yZWxlYXNlLWpvYnMtcmVwb3J0LWZvci1qdW5lLXRvZGF5LTEuMjA5MzI5OdIBAA?hl=en-CA&gl=CA&ceid=CA%3Aen
Zero-emission public transit for York Region,2024-07-05 15:27:03.009077,news.google.com/articles/CBMiXmh0dHBzOi8vd3d3LnBtLmdjLmNhL2VuL25ld3MvbmV3cy1yZWxlYXNlcy8yMDI0LzA3LzA1L3plcm8tZW1pc3Npb24tcHVibGljLXRyYW5zaXQteW9yay1yZWdpb27SAQA?hl=en-CA&gl=CA&ceid=CA%3Aen
‘We just did that’: Canada celebrates after advancing to Copa America semifinals,2024-07-05 15:27:03.009077,news.google.com/articles/CBMiemh0dHBzOi8vd3d3LnNwb3J0c25ldC5jYS9zb2NjZXIvYXJ0aWNsZS90aGlzLXRlYW0taXMtc3BlY2lhbC1jYW5hZGEtY2VsZWJyYXRlcy1hZnRlci1hZHZhbmNpbmctdG8tY29wYS1hbWVyaWNhLXNlbWlmaW5hbHMv0gF5aHR0cHM6Ly93d3cuc3BvcnRzbmV0LmNhL3NvY2Nlci90aGlzLXRlYW0taXMtc3BlY2lhbC1jYW5hZGEtY2VsZWJyYXRlcy1hZnRlci1hZHZhbmNpbmctdG8tY29wYS1hbWVyaWNhLXNlbWlmaW5hbHMvc24tYW1wLw?hl=en-CA&gl=CA&ceid=CA%3Aen
Trae Bell-Haynes released from Canadian Olympic men's basketball training camp,2024-07-06 15:27:02.930379,news.google.com/articles/CBMiaGh0dHBzOi8vd3d3LmNiYy5jYS9zcG9ydHMvb2x5bXBpY3Mvc3VtbWVyL2Jhc2tldGJhbGwvdHJhZS1iZWlsbC1jYW5hZGEtb2x5bXBpYy1iYXNrZXRiYWxsLWNhbXAtMS43MjU2NDU30gEgaHR0cHM6Ly93d3cuY2JjLmNhL2FtcC8xLjcyNTY0NTc?hl=en-CA&gl=CA&ceid=CA%3Aen
Scotland wins Douglas Horn Trophy in Canada’s Men’s Rugby Team’s return to home soil,2024-07-06 15:27:02.930379,news.google.com/articles/CBMidWh0dHBzOi8vcnVnYnkuY2EvZW4vbmV3cy8yMDI0LzA3L3Njb3RsYW5kLXdpbnMtZG91Z2xhcy1ob3JuLXRyb3BoeS1pbi1jYW5hZGEtcy1tZW4tcy1ydWdieS10ZWFtLXMtcmV0dXJuLXRvLWhvbWUtc29pbNIBAA?hl=en-CA&gl=CA&ceid=CA%3Aen
"In Canada for 7 years, family fights deportation to Nigeria",2024-07-06 15:27:02.945959,news.google.com/articles/CBMiUWh0dHBzOi8vd3d3LmNiYy5jYS9uZXdzL2NhbmFkYS9vdHRhd2EvZmFtaWx5LWZpZ2h0cy1kZXBvcnRhdGlvbi1uaWdlcmlhLTEuNzI1NTUzMtIBIGh0dHBzOi8vd3d3LmNiYy5jYS9hbXAvMS43MjU1NTMy?hl=en-CA&gl=CA&ceid=CA%3Aen
Young Scottish side shows its class in rugby win over Canadian men,2024-07-06 15:27:02.945959,news.google.com/articles/CBMiP2h0dHBzOi8vd3d3LmNiYy5jYS9zcG9ydHMvcnVnYnkvc2NvdGxhbmQtY2FuYWRhLXJ1Z2J5LTEuNzI1NjUxMdIBIGh0dHBzOi8vd3d3LmNiYy5jYS9hbXAvMS43MjU2NTEx?hl=en-CA&gl=CA&ceid=CA%3Aen
Copa America Takeaways: Canada continues sensational run in its debut,2024-07-06 15:27:02.945959,news.google.com/articles/CBMiaWh0dHBzOi8vd3d3LnNwb3J0c25ldC5jYS9zb2NjZXIvYXJ0aWNsZS9jb3BhLWFtZXJpY2EtdGFrZWF3YXlzLWNhbmFkYS1jb250aW51ZXMtc2Vuc2F0aW9uYWwtcnVuLWluLWRlYnV0L9IBaGh0dHBzOi8vd3d3LnNwb3J0c25ldC5jYS9zb2NjZXIvY29wYS1hbWVyaWNhLXRha2Vhd2F5cy1jYW5hZGEtY29udGludWVzLXNlbnNhdGlvbmFsLXJ1bi1pbi1kZWJ1dC9zbi1hbXAv?hl=en-CA&gl=CA&ceid=CA%3Aen
Canada captures four medals at World Cup Super Final in Hungary,2024-07-06 15:27:02.945959,news.google.com/articles/CBMiSWh0dHBzOi8vb2x5bXBpYy5jYS8yMDI0LzA3LzA2L3RlYW0tY2FuYWRhLXdvcmxkLWN1cC1zdXBlcmZpbmFsLXBhcmlzLTIwMi_SAQA?hl=en-CA&gl=CA&ceid=CA%3Aen
"Canada’s 1st female defence chief, a U.K. vote and top stories this week",2024-07-06 15:27:02.993374,news.google.com/articles/CBMiVWh0dHBzOi8vZ2xvYmFsbmV3cy5jYS9uZXdzLzEwNjA2OTE3L2NhbmFkYXMtMXN0LWZlbWFsZS1kZWZlbmNlLXRvcC1zdG9yaWVzLXRoaXMtd2Vlay_SAVlodHRwczovL2dsb2JhbG5ld3MuY2EvbmV3cy8xMDYwNjkxNy9jYW5hZGFzLTFzdC1mZW1hbGUtZGVmZW5jZS10b3Atc3Rvcmllcy10aGlzLXdlZWsvYW1wLw?hl=en-CA&gl=CA&ceid=CA%3Aen
Trudeau should expect criticism at NATO summit over defence spending: analysis,2024-07-06 15:27:03.009077,news.google.com/articles/CBMigwFodHRwczovL290dGF3YWNpdGl6ZW4uY29tL25ld3MvbmF0aW9uYWwvZGVmZW5jZS13YXRjaC90cnVkZWF1LXNob3VsZC1leHBlY3QtY3JpdGljaXNtLWF0LW5hdG8tc3VtbWl0LW92ZXItZGVmZW5jZS1zcGVuZGluZy1hbmFseXNpc9IBAA?hl=en-CA&gl=CA&ceid=CA%3Aen
Canada projected roster for 2025 NHL 4 Nations Face-Off,2024-07-07 15:27:24.449599,news.google.com/articles/CBMiQ2h0dHBzOi8vd3d3Lm5obC5jb20vbmV3cy80LW5hdGlvbnMtZmFjZS1vZmYtcHJvamVjdGVkLXJvc3Rlci1jYW5hZGHSAQA?hl=en-CA&gl=CA&ceid=CA%3Aen
Extreme heat grips much of Western Canada,2024-07-07 15:27:24.461367,news.google.com/articles/CBMiNWh0dHBzOi8vd3d3LmNiYy5jYS9uZXdzL2NhbmFkYS9iYy1oZWF0LWRvbWUtMS43MjU2NTk30gEgaHR0cHM6Ly93d3cuY2JjLmNhL2FtcC8xLjcyNTY1OTc?hl=en-CA&gl=CA&ceid=CA%3Aen
"U of T ranks 17th globally, first in Canada in U.S. News & World Report university rankings",2024-07-08 15:27:24.426857,news.google.com/articles/CBMiamh0dHBzOi8vd3d3LnV0b3JvbnRvLmNhL25ld3MvdS10LXJhbmtzLTE3dGgtZ2xvYmFsbHktZmlyc3QtY2FuYWRhLXVzLW5ld3Mtd29ybGQtcmVwb3J0LXVuaXZlcnNpdHktcmFua2luZ3PSAQA?hl=en-CA&gl=CA&ceid=CA%3Aen
Inventories rebuilding fast in Canada’s largest housing markets,2024-07-08 15:27:24.426857,news.google.com/articles/CBMiYWh0dHBzOi8vdGhvdWdodGxlYWRlcnNoaXAucmJjLmNvbS9pbnZlbnRvcmllcy1yZWJ1aWxkaW5nLWZhc3QtaW4tY2FuYWRhcy1sYXJnZXN0LWhvdXNpbmctbWFya2V0cy_SAQA?hl=en-CA&gl=CA&ceid=CA%3Aen
Heat wave across Western Canada forecast to last through midweek,2024-07-08 15:27:24.433908,news.google.com/articles/CBMiVmh0dHBzOi8vd3d3LmNiYy5jYS9uZXdzL2NhbmFkYS9icml0aXNoLWNvbHVtYmlhL2Vudmlyb25tZW50LWNhbmFkYS1oZWF0LXdhdmUtMS43MjU2OTYw0gEgaHR0cHM6Ly93d3cuY2JjLmNhL2FtcC8xLjcyNTY5NjA?hl=en-CA&gl=CA&ceid=CA%3Aen
Canada can’t catch a break from the heat. Will it last all summer?,2024-07-08 15:27:24.433908,news.google.com/articles/CBMiQmh0dHBzOi8vZ2xvYmFsbmV3cy5jYS9uZXdzLzEwNjEwNjI3L2hlYXQtd2F2ZS1jYW5hZGEtaG90dGVzdC1qdW5lL9IBRmh0dHBzOi8vZ2xvYmFsbmV3cy5jYS9uZXdzLzEwNjEwNjI3L2hlYXQtd2F2ZS1jYW5hZGEtaG90dGVzdC1qdW5lL2FtcC8?hl=en-CA&gl=CA&ceid=CA%3Aen
Team Canada men’s volleyball team ready to smash it in Paris,2024-07-08 15:27:24.433908,news.google.com/articles/CBMiWmh0dHBzOi8vb2x5bXBpYy5jYS8yMDI0LzA3LzA4L3RlYW0tY2FuYWRhLW1lbnMtdm9sbGV5YmFsbC10ZWFtLXJlYWR5LXRvLXNtYXNoLWl0LWluLXBhcmlzL9IBAA?hl=en-CA&gl=CA&ceid=CA%3Aen
5 things to know as Canada meets Argentina in 'David vs. Goliath' Copa semifinal,2024-07-08 15:27:24.433908,news.google.com/articles/CBMidWh0dHBzOi8vd3d3LmN0dm5ld3MuY2Evc3BvcnRzLzUtdGhpbmdzLXRvLWtub3ctYXMtY2FuYWRhLW1lZXRzLWFyZ2VudGluYS1pbi1kYXZpZC12cy1nb2xpYXRoLWNvcGEtc2VtaWZpbmFsLTEuNjk1NTY4NNIBAA?hl=en-CA&gl=CA&ceid=CA%3Aen
Liberal government hopes changes to dental care program will increase uptake,2024-07-08 15:27:24.433908,news.google.com/articles/CBMidmh0dHBzOi8vd3d3LmN0dm5ld3MuY2EvcG9saXRpY3MvbGliZXJhbC1nb3Zlcm5tZW50LWhvcGVzLWNoYW5nZXMtdG8tZGVudGFsLWNhcmUtcHJvZ3JhbS13aWxsLWluY3JlYXNlLXVwdGFrZS0xLjY5NTU0NznSAQA?hl=en-CA&gl=CA&ceid=CA%3Aen
Team Canada’s Paris 2024 men’s volleyball team unveiled,2024-07-08 15:27:24.449599,news.google.com/articles/CBMiT2h0dHBzOi8vb2x5bXBpYy5jYS9wcmVzcy90ZWFtLWNhbmFkYXMtcGFyaXMtMjAyNC1tZW5zLXZvbGxleWJhbGwtdGVhbS11bnZlaWxlZC_SAQA?hl=en-CA&gl=CA&ceid=CA%3Aen
PREVIEW: Canada look to continue dream run at Copa América in semifinal rematch with Argentina,2024-07-08 15:27:24.449599,news.google.com/articles/CBMijAFodHRwczovL2NhbnBsLmNhL2FydGljbGUvcHJldmlldy1jYW5hZGEtbG9va2luZy10by1jb250aW51ZS1kcmVhbS1ydW4tYXQtMjAyNC1jb3BhLWFtZXJpY2EtaW4tc2VtaWZpbmFsLXJlbWF0Y2gtd2l0aC1saW9uZWwtbWVzc2lzLWFyZ2VudGluYdIBAA?hl=en-CA&gl=CA&ceid=CA%3Aen
"Silk, Great Value plant-based beverages recalled across Canada",2024-07-08 15:27:24.449599,news.google.com/articles/CBMiZmh0dHBzOi8vd3d3LmNiYy5jYS9uZXdzL2NhbmFkYS9icml0aXNoLWNvbHVtYmlhL3NpbGstZ3JlYXQtdmFsdWUtcGxhbnQtYmFzZWQtYmV2ZXJhZ2UtcmVjYWxsLTEuNzI1NzgyMdIBIGh0dHBzOi8vd3d3LmNiYy5jYS9hbXAvMS43MjU3ODIx?hl=en-CA&gl=CA&ceid=CA%3Aen
Messi fit for Argentina's Copa America semifinal showdown with Canada,2024-07-08 15:27:24.449599,news.google.com/articles/CBMiYGh0dHBzOi8vd3d3LmNiYy5jYS9zcG9ydHMvc29jY2VyL2xpb25lbC1tZXNzaS1maXQtYXJnZW50aW5hLWNhbmFkYS1jb3BhLWFtZXJpY2EtanVseS04LTEuNzI1Nzc0MtIBIGh0dHBzOi8vd3d3LmNiYy5jYS9hbXAvMS43MjU3NzQy?hl=en-CA&gl=CA&ceid=CA%3Aen
Canada’s longest river seeing historically low levels,2024-07-08 15:27:24.449599,news.google.com/articles/CBMiTmh0dHBzOi8vZ2xvYmFsbmV3cy5jYS9uZXdzLzEwNjEwMzc0L21hY2tlbnppZS1yaXZlci1jYW5hZGEtbG93LWxldmVscy1oaXN0b3J5L9IBUmh0dHBzOi8vZ2xvYmFsbmV3cy5jYS9uZXdzLzEwNjEwMzc0L21hY2tlbnppZS1yaXZlci1jYW5hZGEtbG93LWxldmVscy1oaXN0b3J5L2FtcC8?hl=en-CA&gl=CA&ceid=CA%3Aen
"Opinion: Once the envy of the world, Canada’s immigration system now lies dismantled",2024-07-08 15:27:24.460215,news.google.com/articles/CBMie2h0dHBzOi8vd3d3LnRoZWdsb2JlYW5kbWFpbC5jb20vYnVzaW5lc3MvY29tbWVudGFyeS9hcnRpY2xlLW9uY2UtdGhlLWVudnktb2YtdGhlLXdvcmxkLWNhbmFkYXMtaW1taWdyYXRpb24tc3lzdGVtLW5vdy1sYXlzL9IBAA?hl=en-CA&gl=CA&ceid=CA%3Aen
Letters July 8: Canada is best country on Earth; lack of courteous driving; desperate housing strategy,2024-07-08 15:27:24.465540,news.google.com/articles/CBMikQFodHRwczovL3d3dy50aW1lc2NvbG9uaXN0LmNvbS9vcGluaW9uL2xldHRlcnMtanVseS04LWNhbmFkYS1pcy1iZXN0LWNvdW50cnktb24tZWFydGgtbGFjay1vZi1jb3VydGVvdXMtZHJpdmluZy1kZXNwZXJhdGUtaG91c2luZy1zdHJhdGVneS05MTg4MDQ00gEA?hl=en-CA&gl=CA&ceid=CA%3Aen
Marsch says he 'feels home' with Canada after being overlooked by U.S. Soccer Federation,2024-07-08 15:27:24.465540,news.google.com/articles/CBMiUmh0dHBzOi8vd3d3LmNiYy5jYS9zcG9ydHMvc29jY2VyL2NhbmFkYS1jb3BhLWFtZXJpY2EtamVzc2UtbWFyc2NoLWp1bHktOC0xLjcyNTc4NjbSASBodHRwczovL3d3dy5jYmMuY2EvYW1wLzEuNzI1Nzg2Ng?hl=en-CA&gl=CA&ceid=CA%3Aen
B.C. municipalities struggle with what to do with RV dwellers,2024-07-08 15:27:24.465540,news.google.com/articles/CBMiTWh0dHBzOi8vd3d3LmNiYy5jYS9uZXdzL2NhbmFkYS9icml0aXNoLWNvbHVtYmlhL2xvbmctdGVybS1ydi1mdXR1cmUtMS43MjU2MTQ00gEgaHR0cHM6Ly93d3cuY2JjLmNhL2FtcC8xLjcyNTYxNDQ?hl=en-CA&gl=CA&ceid=CA%3Aen
Canada Averts New Threat of Strikes at British Columbia Ports,2024-07-08 15:27:24.465540,news.google.com/articles/CBMiY2h0dHBzOi8vd3d3Lndzai5jb20vYXJ0aWNsZXMvY2FuYWRhLWF2ZXJ0cy1uZXctdGhyZWF0LW9mLXN0cmlrZXMtYXQtYnJpdGlzaC1jb2x1bWJpYS1wb3J0cy00NGI4MTJmZtIBAA?hl=en-CA&gl=CA&ceid=CA%3Aen
"Canada-Argentina headlines Copa, Euro semifinal action starting Tuesday on TSN",2024-07-08 15:27:24.465540,news.google.com/articles/CBMigwFodHRwczovL3d3dy50c24uY2Evc29jY2VyL2NhbmFkYS1hcmdlbnRpbmEtaGVhZGxpbmVzLWNvcGEtYW1lcmljYS11ZWZhLWV1cm8tMjAyNC1zZW1pZmluYWwtYWN0aW9uLXN0YXJ0aW5nLXR1ZXNkYXktb24tdHNuLTEuMjE0NTkyOdIBhAFodHRwczovL3d3dy50c24uY2EvY2FuYWRhLWFyZ2VudGluYS1oZWFkbGluZXMtY29wYS1hbWVyaWNhLXVlZmEtZXVyby0yMDI0LXNlbWlmaW5hbC1hY3Rpb24tc3RhcnRpbmctdHVlc2RheS1vbi10c24tMS4yMTQ1OTI5P3Rzbi1hbXA?hl=en-CA&gl=CA&ceid=CA%3Aen
Monday Digest: Dabrowski Carries Canadian Hopes at Wimbledon,2024-07-08 15:27:24.465540,news.google.com/articles/CBMiXmh0dHBzOi8vd3d3LnRlbm5pc2NhbmFkYS5jb20vbmV3cy9tb25kYXktZGlnZXN0LWRhYnJvd3NraS1jYXJyaWVzLWNhbmFkaWFuLWhvcGVzLWF0LXdpbWJsZWRvbi_SAQA?hl=en-CA&gl=CA&ceid=CA%3Aen
Trudeau heads for the hot seat at NATO summit as allies question Canada's defence commitments,2024-07-08 15:27:24.465540,news.google.com/articles/CBMiT2h0dHBzOi8vd3d3LmNiYy5jYS9uZXdzL3BvbGl0aWNzL3RydWRlYXUtbmF0by1kZWZlbmNlLXNwZW5kaW5nLXN1bW1pdC0xLjcyNTYwMjfSASBodHRwczovL3d3dy5jYmMuY2EvYW1wLzEuNzI1NjAyNw?hl=en-CA&gl=CA&ceid=CA%3Aen
Rival Watch: Is Canada earning respect ahead of Copa America semifinal vs. Argentina?,2024-07-08 15:27:24.465540,news.google.com/articles/CBMie2h0dHBzOi8vd3d3LnNwb3J0c25ldC5jYS9zb2NjZXIvYXJ0aWNsZS9yaXZhbC13YXRjaC1pcy1jYW5hZGEtZWFybmluZy1yZXNwZWN0LWFoZWFkLW9mLWNvcGEtYW1lcmljYS1zZW1pZmluYWwtdnMtYXJnZW50aW5hL9IBemh0dHBzOi8vd3d3LnNwb3J0c25ldC5jYS9zb2NjZXIvcml2YWwtd2F0Y2gtaXMtY2FuYWRhLWVhcm5pbmctcmVzcGVjdC1haGVhZC1vZi1jb3BhLWFtZXJpY2Etc2VtaWZpbmFsLXZzLWFyZ2VudGluYS9zbi1hbXAv?hl=en-CA&gl=CA&ceid=CA%3Aen
Theo Argitis: Carney speculation summer mirage for disgruntled corporate Canada,2024-07-08 15:27:24.481180,news.google.com/articles/CBMiYWh0dHBzOi8vZmluYW5jaWFscG9zdC5jb20vbmV3cy9lY29ub215L21hcmstY2FybmV5LXNwZWN1bGF0aW9uLXN1bW1lci1taXJhZ2UtZm9yLWNvcnBvcmF0ZS1jYW5hZGHSAQA?hl=en-CA&gl=CA&ceid=CA%3Aen
Minister Joly to travel to the United Kingdom,2024-07-08 15:27:24.481180,news.google.com/articles/CBMiZ2h0dHBzOi8vd3d3LmNhbmFkYS5jYS9lbi9nbG9iYWwtYWZmYWlycy9uZXdzLzIwMjQvMDcvbWluaXN0ZXItam9seS10by10cmF2ZWwtdG8tdGhlLXVuaXRlZC1raW5nZG9tLmh0bWzSAQA?hl=en-CA&gl=CA&ceid=CA%3Aen
Remnants of Hurricane Beryl could bring downpours to Ottawa-Gatineau,2024-07-08 15:27:24.481180,news.google.com/articles/CBMidGh0dHBzOi8vd3d3LmNiYy5jYS9uZXdzL2NhbmFkYS9vdHRhd2EvcmVtbmFudHMtb2YtaHVycmljYW5lLWJlcnlsLWNvdWxkLWJyaW5nLWRvd25wb3Vycy10by1vdHRhd2EtZ2F0aW5lYXUtMS43MjU3NjE10gEgaHR0cHM6Ly93d3cuY2JjLmNhL2FtcC8xLjcyNTc2MTU?hl=en-CA&gl=CA&ceid=CA%3Aen
VIDA Launches $300M Fund to Combat Canada's Affordable Housing Crisis,2024-07-08 15:27:24.481180,news.google.com/articles/CBMieWh0dHBzOi8vd3d3Lm5ld3N3aXJlLmNhL25ld3MtcmVsZWFzZXMvdmlkYS1sYXVuY2hlcy0zMDBtLWZ1bmQtdG8tY29tYmF0LWNhbmFkYS1zLWFmZm9yZGFibGUtaG91c2luZy1jcmlzaXMtODgzNDk1ODQ2Lmh0bWzSAQA?hl=en-CA&gl=CA&ceid=CA%3Aen
"Canada to Share Plan for Reaching NATO’s Spending Target, Defense Minister Says",2024-07-08 15:27:24.481180,news.google.com/articles/CBMigQFodHRwczovL3d3dy5ibG9vbWJlcmcuY29tL25ld3MvYXJ0aWNsZXMvMjAyNC0wNy0wOC9jYW5hZGEtdG8tc2hhcmUtcGxhbi1mb3ItcmVhY2hpbmctbmF0by1zLXNwZW5kaW5nLXRhcmdldC1kZWZlbnNlLW1pbmlzdGVyLXNheXPSAQA?hl=en-CA&gl=CA&ceid=CA%3Aen
"Unable to work in their official language of choice, some public servants are quitting — to Canada’s detriment",2024-07-08 15:27:24.481180,news.google.com/articles/CBMijQFodHRwczovL3RoZWNvbnZlcnNhdGlvbi5jb20vdW5hYmxlLXRvLXdvcmstaW4tdGhlaXItb2ZmaWNpYWwtbGFuZ3VhZ2Utb2YtY2hvaWNlLXNvbWUtcHVibGljLXNlcnZhbnRzLWFyZS1xdWl0dGluZy10by1jYW5hZGFzLWRldHJpbWVudC0yMzMxNjTSAQA?hl=en-CA&gl=CA&ceid=CA%3Aen
"Canada's gold exports to China rise, shining through the trade tensions",2024-07-08 15:27:24.481180,news.google.com/articles/CBMiWmh0dHBzOi8vZmluYW5jaWFscG9zdC5jb20vY29tbW9kaXRpZXMvbWluaW5nL2NhbmFkYS1nb2xkLWV4cG9ydHMtY2hpbmEtcmlzZS10cmFkZS10ZW5zaW9uc9IBAA?hl=en-CA&gl=CA&ceid=CA%3Aen
"Standing Senate Committee on Agriculture and Forestry (44th Parliament, 1st Session)",2024-07-09 15:26:45.075148,news.google.com/articles/CBMiLGh0dHBzOi8vc2VuY2FuYWRhLmNhL2VuL2NvbW1pdHRlZXMvYWdmby80NC0x0gEA?hl=en-CA&gl=CA&ceid=CA%3Aen
"Copa America Preview: Messi, Argentina rematch stand between Canada and glory",2024-07-09 15:26:45.106418,news.google.com/articles/CBMiV2h0dHBzOi8vdG9yb250by5jaXR5bmV3cy5jYS8yMDI0LzA3LzA5L2NhbmFkYS1jb3BhLWFtZXJpY2Etc2VtaS1maW5hbHMtYXJnZW50aW5hLW1hdGNoL9IBAA?hl=en-CA&gl=CA&ceid=CA%3Aen
Niagara Health is hiring!,2024-07-09 15:26:45.106418,news.google.com/articles/CBMiKWh0dHBzOi8vd3d3Lm5pYWdhcmFoZWFsdGgub24uY2Evc2l0ZS9ob21l0gEA?hl=en-CA&gl=CA&ceid=CA%3Aen
"Canada vs. Messi, Argentina - Transcript",2024-07-09 15:26:45.106418,news.google.com/articles/CBMiU2h0dHBzOi8vd3d3LmNiYy5jYS9yYWRpby9mcm9udGJ1cm5lci9jYW5hZGEtdnMtbWVzc2ktYXJnZW50aW5hLXRyYW5zY3JpcHQtMS43MjU4NTI40gEgaHR0cHM6Ly93d3cuY2JjLmNhL2FtcC8xLjcyNTg1Mjg?hl=en-CA&gl=CA&ceid=CA%3Aen
Canada’s average rents just saw their biggest drop in 3 years,2024-07-09 15:27:24.426857,news.google.com/articles/CBMiSWh0dHBzOi8vZ2xvYmFsbmV3cy5jYS9uZXdzLzEwNjEyODAwL3JlbnRhbC1tYXJrZXQtY2FuYWRhLXJlbnRzLWp1bmUtMjAyNC_SAU1odHRwczovL2dsb2JhbG5ld3MuY2EvbmV3cy8xMDYxMjgwMC9yZW50YWwtbWFya2V0LWNhbmFkYS1yZW50cy1qdW5lLTIwMjQvYW1wLw?hl=en-CA&gl=CA&ceid=CA%3Aen
How Canada became a car theft capital of the world,2024-07-09 15:27:24.426857,news.google.com/articles/CBMiLmh0dHBzOi8vd3d3LmJiYy5jb20vbmV3cy9hcnRpY2xlcy9jeTc5ZHEybjA5M2_SATJodHRwczovL3d3dy5iYmMuY29tL25ld3MvYXJ0aWNsZXMvY3k3OWRxMm4wOTNvLmFtcA?hl=en-CA&gl=CA&ceid=CA%3Aen
Canada’s Men’s Rugby Team’s match day roster named ahead of match against Romania in Ottawa,2024-07-09 15:27:24.426857,news.google.com/articles/CBMifGh0dHBzOi8vcnVnYnkuY2EvZW4vbmV3cy8yMDI0LzA3L2NhbmFkYS1zLW1lbi1zLXJ1Z2J5LXRlYW0tcy1tYXRjaC1kYXktcm9zdGVyLW5hbWVkLWFoZWFkLW9mLW1hdGNoLWFnYWluc3Qtcm9tYW5pYS1pbi1vdHRhd2HSAQA?hl=en-CA&gl=CA&ceid=CA%3Aen
"Canada ready for rematch with Messi, Argentina in Copa America semifinal on TSN",2024-07-09 15:27:24.433908,news.google.com/articles/CBMieWh0dHBzOi8vd3d3LnRzbi5jYS9zb2NjZXIvY2FuYWRhLXJlYWR5LWZvci1yZW1hdGNoLXdpdGgtbGlvbmVsLW1lc3NpLWFyZ2VudGluYS1pbi1jb3BhLWFtZXJpY2Etc2VtaWZpbmFsLW9uLXRzbi0xLjIxNDYxNzHSAQA?hl=en-CA&gl=CA&ceid=CA%3Aen
Nato allies pressure Canada to step up spending at Washington summit,2024-07-09 15:27:24.433908,news.google.com/articles/CBMiLmh0dHBzOi8vd3d3LmJiYy5jb20vbmV3cy9hcnRpY2xlcy9jbDR5Z3psejRtem_SATJodHRwczovL3d3dy5iYmMuY29tL25ld3MvYXJ0aWNsZXMvY2w0eWd6bHo0bXpvLmFtcA?hl=en-CA&gl=CA&ceid=CA%3Aen
"TIFF announces five more World Premieres from Canada, France, India, UK, and USA",2024-07-09 15:27:24.433908,news.google.com/articles/CBMiaGh0dHBzOi8vdGlmZi5uZXQvcHJlc3MvbmV3cy90aWZmLWFubm91bmNlcy1maXZlLW1vcmUtd29ybGQtcHJlbWllcmVzLWZyb20tY2FuYWRhLWZyYW5jZS1pbmRpYS11ay1hbmQtdXNh0gEA?hl=en-CA&gl=CA&ceid=CA%3Aen
"Silk, Great Value plant-based milks recalled in Canada",2024-07-09 15:27:24.433908,news.google.com/articles/CBMiVGh0dHBzOi8vZ2xvYmFsbmV3cy5jYS9uZXdzLzEwNjEyMjUwL3NpbGstZ3JlYXQtdmFsdWUtcGxhbnQtYmFzZWQtbWlsay1yZWNhbGwtY2FuYWRhL9IBWGh0dHBzOi8vZ2xvYmFsbmV3cy5jYS9uZXdzLzEwNjEyMjUwL3NpbGstZ3JlYXQtdmFsdWUtcGxhbnQtYmFzZWQtbWlsay1yZWNhbGwtY2FuYWRhL2FtcC8?hl=en-CA&gl=CA&ceid=CA%3Aen
The remnants of hurricane Beryl are heading to Canada. Here's where it's expected to land,2024-07-09 15:27:24.433908,news.google.com/articles/CBMikQFodHRwczovL3d3dy5jdHZuZXdzLmNhL2NsaW1hdGUtYW5kLWVudmlyb25tZW50L3RoZS1yZW1uYW50cy1vZi1odXJyaWNhbmUtYmVyeWwtYXJlLWhlYWRpbmctdG8tY2FuYWRhLWhlcmUtcy13aGVyZS1pdC1zLWV4cGVjdGVkLXRvLWxhbmQtMS42OTU2OTE40gEA?hl=en-CA&gl=CA&ceid=CA%3Aen
Canada’s priorities at NATO summit take backseat to spending concerns,2024-07-09 15:27:24.433908,news.google.com/articles/CBMiU2h0dHBzOi8vZ2xvYmFsbmV3cy5jYS9uZXdzLzEwNjEwMzIzL2NhbmFkYS1uYXRvLXN1bW1pdC13YXNoaW5ndG9uLWRlZmVuY2Utc3BlbmRpbmcv0gFXaHR0cHM6Ly9nbG9iYWxuZXdzLmNhL25ld3MvMTA2MTAzMjMvY2FuYWRhLW5hdG8tc3VtbWl0LXdhc2hpbmd0b24tZGVmZW5jZS1zcGVuZGluZy9hbXAv?hl=en-CA&gl=CA&ceid=CA%3Aen
Canada vs. Argentina: Your guide to historic Copa America semifinal showdown,2024-07-09 15:27:24.433908,news.google.com/articles/CBMiQmh0dHBzOi8vZ2xvYmFsbmV3cy5jYS9uZXdzLzEwNjExMDA1L2NhbmFkYS1hcmdlbnRpbmEtY29wYS1hbWVyaWNhL9IBRmh0dHBzOi8vZ2xvYmFsbmV3cy5jYS9uZXdzLzEwNjExMDA1L2NhbmFkYS1hcmdlbnRpbmEtY29wYS1hbWVyaWNhL2FtcC8?hl=en-CA&gl=CA&ceid=CA%3Aen
BLOG: Canada unlikely to meet NATO commitments without significant debt accumulation,2024-07-09 15:27:24.449599,news.google.com/articles/CBMidGh0dHBzOi8vd3d3LmZyYXNlcmluc3RpdHV0ZS5vcmcvYmxvZ3MvY2FuYWRhLXVubGlrZWx5LXRvLW1lZXQtbmF0by1jb21taXRtZW50cy13aXRob3V0LXNpZ25pZmljYW50LWRlYnQtYWNjdW11bGF0aW9u0gEA?hl=en-CA&gl=CA&ceid=CA%3Aen
Tory leader widens gap over Trudeau on economy in Canada poll,2024-07-09 15:27:24.449599,news.google.com/articles/CBMid2h0dHBzOi8vd3d3LmJubmJsb29tYmVyZy5jYS9idXNpbmVzcy9wb2xpdGljcy8yMDI0LzA3LzA5L3RvcnktbGVhZGVyLXdpZGVucy1nYXAtb3Zlci10cnVkZWF1LW9uLWVjb25vbXktaW4tY2FuYWRhLXBvbGwv0gEA?hl=en-CA&gl=CA&ceid=CA%3Aen
"East Coast RV trip features family, food and a few bumps",2024-07-09 15:27:24.449599,news.google.com/articles/CBMiU2h0dHBzOi8vby5jYW5hZGEuY29tL3RyYXZlbC9lYXN0LWNvYXN0LXJ2LXRyaXAtZmVhdHVyZXMtZmFtaWx5LWZvb2QtYW5kLWEtZmV3LWJ1bXBz0gEA?hl=en-CA&gl=CA&ceid=CA%3Aen
Posthaste: Sellers are swarming Canada's housing market — especially in these cities,2024-07-09 15:27:24.449599,news.google.com/articles/CBMiRmh0dHBzOi8vZmluYW5jaWFscG9zdC5jb20vbmV3cy9zZWxsZXJzLXJ1c2gtYmFjay1jYW5hZGEtaG91c2luZy1tYXJrZXTSAQA?hl=en-CA&gl=CA&ceid=CA%3Aen
Alberta firefighters facing challenging conditions as heat wave sweeps Western Canada,2024-07-09 15:27:24.449599,news.google.com/articles/CBMiSGh0dHBzOi8vd3d3LmNiYy5jYS9uZXdzL2NhbmFkYS9lZG1vbnRvbi9hbGJlcnRhLXdpbGRmaXJlcy1oZWF0LTEuNzI1Nzk0MtIBIGh0dHBzOi8vd3d3LmNiYy5jYS9hbXAvMS43MjU3OTQy?hl=en-CA&gl=CA&ceid=CA%3Aen
Nova Scotia soccer star Shaffelburg at Copa America an 'achievement for whole family',2024-07-09 15:27:24.462518,news.google.com/articles/CBMiY2h0dHBzOi8vd3d3LmNiYy5jYS9zcG9ydHMvc29jY2VyL2phY29iLXNoYWZmZWxidXJnLWNhbmFkYS1jb3BhLWFtZXJpY2EtZmFtaWx5LWFjaGlldmVtZW50LTEuNzI1ODE4N9IBIGh0dHBzOi8vd3d3LmNiYy5jYS9hbXAvMS43MjU4MTg3?hl=en-CA&gl=CA&ceid=CA%3Aen
Suspect in Carling Avenue homicide wanted on Canada-wide warrant,2024-07-09 15:27:24.463530,news.google.com/articles/CBMiZ2h0dHBzOi8vb3R0YXdhY2l0aXplbi5jb20vbmV3cy9sb2NhbC1uZXdzL3N1c3BlY3QtaW4tY2FybGluZy1hdmUtaG9taWNpZGUtd2FudGVkLW9uLWNhbmFkYS13aWRlLXdhcnJhbnTSAQA?hl=en-CA&gl=CA&ceid=CA%3Aen
Canada draws link between June heat wave and climate change with new attribution analysis,2024-07-09 15:27:24.463530,news.google.com/articles/CBMiTGh0dHBzOi8vd3d3LmNiYy5jYS9uZXdzL2NsaW1hdGUvY2FuYWRhLWVjY2MtcmFwaWQtYXR0cmlidXRpb24taGVhdC0xLjcyNTc0NTbSASBodHRwczovL3d3dy5jYmMuY2EvYW1wLzEuNzI1NzQ1Ng?hl=en-CA&gl=CA&ceid=CA%3Aen
Meet Canada’s Best Employers For Diversity 2024,2024-07-09 15:27:24.465540,news.google.com/articles/CBMiZmh0dHBzOi8vd3d3LmZvcmJlcy5jb20vc2l0ZXMvcmFjaGVscGVhY2htYW4vMjAyNC8wNy8wOS9tZWV0LWNhbmFkYXMtYmVzdC1lbXBsb3llcnMtZm9yLWRpdmVyc2l0eS0yMDI0L9IBAA?hl=en-CA&gl=CA&ceid=CA%3Aen
Canada: grizzly bear hunting quietly reinstated in Alberta,2024-07-09 15:27:24.465540,news.google.com/articles/CBMiUmh0dHBzOi8vd3d3LnRoZWd1YXJkaWFuLmNvbS93b3JsZC9hcnRpY2xlLzIwMjQvanVsLzA5L2FsYmVydGEtZ3JpenpseS1iZWFyLWh1bnRpbmfSAVJodHRwczovL2FtcC50aGVndWFyZGlhbi5jb20vd29ybGQvYXJ0aWNsZS8yMDI0L2p1bC8wOS9hbGJlcnRhLWdyaXp6bHktYmVhci1odW50aW5n?hl=en-CA&gl=CA&ceid=CA%3Aen
How a new incubator is supercharging women-focused health startups in Canada,2024-07-09 15:27:24.465540,news.google.com/articles/CBMidGh0dHBzOi8vd3d3LmN0dm5ld3MuY2EvaGVhbHRoL2hvdy1hLW5ldy1pbmN1YmF0b3ItaXMtc3VwZXJjaGFyZ2luZy13b21lbi1mb2N1c2VkLWhlYWx0aC1zdGFydHVwcy1pbi1jYW5hZGEtMS42OTU2Mjc00gEA?hl=en-CA&gl=CA&ceid=CA%3Aen
Ontario court approves class-action by immigration detainees against federal government,2024-07-09 15:27:24.465540,news.google.com/articles/CBMihwFodHRwczovL3d3dy5jYmMuY2EvbmV3cy9jYW5hZGEvb3R0YXdhL29udGFyaW8tY291cnQtYXBwcm92ZXMtY2xhc3MtYWN0aW9uLWJ5LWltbWlncmF0aW9uLWRldGFpbmVlcy1hZ2FpbnN0LWZlZGVyYWwtZ292ZXJubWVudC0xLjcyNTc2MDLSASBodHRwczovL3d3dy5jYmMuY2EvYW1wLzEuNzI1NzYwMg?hl=en-CA&gl=CA&ceid=CA%3Aen
The philosophy — and politics — behind Canada's reluctance to meet NATO's spending target,2024-07-09 15:27:24.465540,news.google.com/articles/CBMiUWh0dHBzOi8vd3d3LmNiYy5jYS9uZXdzL3BvbGl0aWNzL2NhbmFkYS1uYXRvLWpvbHktYmxhaXItdHJ1ZGVhdS1kZWZlbmNlLTEuNzI1NzczN9IBIGh0dHBzOi8vd3d3LmNiYy5jYS9hbXAvMS43MjU3NzM3?hl=en-CA&gl=CA&ceid=CA%3Aen
"KFC's move to halal menu in most of Ontario sparks outrage, calls for boycott — and support",2024-07-09 15:27:24.465540,news.google.com/articles/CBMiP2h0dHBzOi8vd3d3LmNiYy5jYS9uZXdzL2NhbmFkYS9rZmMtaGFsYWwtbWVudS1ib3ljb3R0LTEuNzI1ODI4OdIBIGh0dHBzOi8vd3d3LmNiYy5jYS9hbXAvMS43MjU4Mjg5?hl=en-CA&gl=CA&ceid=CA%3Aen
Where Did My Money Go? The Cost of Being Single in Canada,2024-07-09 15:27:24.465540,news.google.com/articles/CBMikAFodHRwczovL3d3dy5yYmNyb3lhbGJhbmsuY29tL2VuLWNhL215LW1vbmV5LW1hdHRlcnMvbGlmZS1ldmVudHMvZmFtaWx5LWV2ZW50cy9tYXJyaWFnZS93aGVyZS1kaWQtbXktbW9uZXktZ28tdGhlLWNvc3Qtb2YtYmVpbmctc2luZ2xlLWluLWNhbmFkYS_SAQA?hl=en-CA&gl=CA&ceid=CA%3Aen
Ticketmaster notifies Canadian customers of May data breach,2024-07-09 15:27:24.465540,news.google.com/articles/CBMiR2h0dHBzOi8vZ2xvYmFsbmV3cy5jYS9uZXdzLzEwNjEyMTMyL3RpY2tldG1hc3Rlci1oYWNrLWN1c3RvbWVycy1jYW5hZGEv0gFLaHR0cHM6Ly9nbG9iYWxuZXdzLmNhL25ld3MvMTA2MTIxMzIvdGlja2V0bWFzdGVyLWhhY2stY3VzdG9tZXJzLWNhbmFkYS9hbXAv?hl=en-CA&gl=CA&ceid=CA%3Aen
"Where to watch Canada vs. Argentina's Copa América semifinal: Streaming, TV channels, start time and more",2024-07-09 15:27:24.481180,news.google.com/articles/CBMijQFodHRwczovL2NhLm5ld3MueWFob28uY29tL3doZXJlLXRvLXdhdGNoLWNhbmFkYS12cy1hcmdlbnRpbmFzLWNvcGEtYW1lcmljYS1zZW1pZmluYWwtc3RyZWFtaW5nLXR2LWNoYW5uZWxzLXN0YXJ0LXRpbWUtYW5kLW1vcmUtMTgwNTQwODYxLmh0bWzSAQA?hl=en-CA&gl=CA&ceid=CA%3Aen
"28 one-day heat records tumble, Lytton hottest place in Canada",2024-07-09 15:27:24.481180,news.google.com/articles/CBMiV2h0dHBzOi8vdmFuY291dmVyLmNpdHluZXdzLmNhLzIwMjQvMDcvMDkvYmMtanVseS04LWhlYXQtcmVjb3Jkcy1seXR0b24tY2FuYWRhLWhvdC1zcG90L9IBAA?hl=en-CA&gl=CA&ceid=CA%3Aen
Canada Soccer AccelerateHER Program Awards Grants and Funds All-Women C-Diploma Workshops,2024-07-09 15:27:24.481180,news.google.com/articles/CBMieGh0dHBzOi8vY2FuYWRhc29jY2VyLmNvbS9uZXdzL2NhbmFkYS1zb2NjZXItYWNjZWxlcmF0ZWhlci1wcm9ncmFtLWF3YXJkcy1ncmFudHMtYW5kLWZ1bmRzLWFsbC13b21lbi1jLWRpcGxvbWEtd29ya3Nob3BzL9IBAA?hl=en-CA&gl=CA&ceid=CA%3Aen
Local colleges named in top 200 employers in Canada for diversity,2024-07-09 15:27:24.481180,news.google.com/articles/CBMiZWh0dHBzOi8vbG9uZG9uLmN0dm5ld3MuY2EvbG9jYWwtY29sbGVnZXMtbmFtZWQtaW4tdG9wLTIwMC1lbXBsb3llcnMtaW4tY2FuYWRhLWZvci1kaXZlcnNpdHktMS42OTU3MTgx0gEA?hl=en-CA&gl=CA&ceid=CA%3Aen
A Final Rest for the Unknown Newfoundland Soldier,2024-07-09 15:27:24.481180,news.google.com/articles/CBMigAFodHRwczovL3d3dy5jYW5hZGEuY2EvZW4vZGVwYXJ0bWVudC1uYXRpb25hbC1kZWZlbmNlL21hcGxlLWxlYWYvZGVmZW5jZS8yMDI0LzA3L2ZpbmFsLXJlc3QtZm9yLXVua25vd24tbmV3Zm91bmRsYW5kLXNvbGRpZXIuaHRtbNIBAA?hl=en-CA&gl=CA&ceid=CA%3Aen
"Meteorologists warn of ""torrential downpour"" as hurricane remnants head for southwestern Ontario",2024-07-09 15:27:24.481180,news.google.com/articles/CBMiYGh0dHBzOi8vd3d3LmNiYy5jYS9uZXdzL2NhbmFkYS9sb25kb24vaHVycmljYW5lLWJlcnlsLXNvdXRoZXJuLW9udGFyaW8tbG9uZG9uLXJhaW5mYWxsLTEuNzI1ODAyMtIBIGh0dHBzOi8vd3d3LmNiYy5jYS9hbXAvMS43MjU4MDIy?hl=en-CA&gl=CA&ceid=CA%3Aen
Canada to provide NATO updated defence spending plan,2024-07-09 15:27:24.481180,news.google.com/articles/CBMiWGh0dHBzOi8vbmF0aW9uYWxwb3N0LmNvbS9uZXdzL3dvcmxkL2NhbmFkYS10by1wcm92aWRlLW5hdG8tdXBkYXRlZC1kZWZlbmNlLXNwZW5kaW5nLXBsYW7SAQA?hl=en-CA&gl=CA&ceid=CA%3Aen
Record 107 teams to qualify for Canada Soccer’s 2024 amateur competitions,2024-07-09 15:27:24.481180,news.google.com/articles/CBMiZ2h0dHBzOi8vY2FuYWRhc29jY2VyLmNvbS9uZXdzL3JlY29yZC0xMDctdGVhbXMtdG8tcXVhbGlmeS1mb3ItY2FuYWRhLXNvY2NlcnMtMjAyNC1hbWF0ZXVyLWNvbXBldGl0aW9ucy_SAQA?hl=en-CA&gl=CA&ceid=CA%3Aen
"Drake bets $300K on Canada to beat Messi, Argentina in Copa America semifinal",2024-07-09 15:27:24.481180,news.google.com/articles/CBMidGh0dHBzOi8vd3d3LnNwb3J0c25ldC5jYS9zb2NjZXIvYXJ0aWNsZS9kcmFrZS1iZXRzLTMwMGstb24tY2FuYWRhLXRvLWJlYXQtbWVzc2ktYXJnZW50aW5hLWluLWNvcGEtYW1lcmljYS1zZW1pZmluYWwv0gFzaHR0cHM6Ly93d3cuc3BvcnRzbmV0LmNhL3NvY2Nlci9kcmFrZS1iZXRzLTMwMGstb24tY2FuYWRhLXRvLWJlYXQtbWVzc2ktYXJnZW50aW5hLWluLWNvcGEtYW1lcmljYS1zZW1pZmluYWwvc24tYW1wLw?hl=en-CA&gl=CA&ceid=CA%3Aen
'Tears come to my eyes': Track star and family granted extension to stay in Canada after deportation order,2024-07-09 15:27:24.481180,news.google.com/articles/CBMijAFodHRwczovL3Rvcm9udG8uY3R2bmV3cy5jYS90ZWFycy1jb21lLXRvLW15LWV5ZXMtdHJhY2stc3Rhci1hbmQtZmFtaWx5LWdyYW50ZWQtZXh0ZW5zaW9uLXRvLXN0YXktaW4tY2FuYWRhLWFmdGVyLWRlcG9ydGF0aW9uLW9yZGVyLTEuNjk1Njg4M9IBAA?hl=en-CA&gl=CA&ceid=CA%3Aen
How Canada’s dream supersonic interceptor became a national nightmare,2024-07-09 16:26:45.127192,news.google.com/articles/CBMiT2h0dHBzOi8vd3d3LmNubi5jb20vdHJhdmVsL2NhbmFkYS1kcmVhbS1zdXBlcnNvbmljLWJvbWJlci1hdnJvLWFycm93L2luZGV4Lmh0bWzSAUhodHRwczovL2FtcC5jbm4uY29tL2Nubi90cmF2ZWwvY2FuYWRhLWRyZWFtLXN1cGVyc29uaWMtYm9tYmVyLWF2cm8tYXJyb3c?hl=en-CA&gl=CA&ceid=CA%3Aen
"Canada's landlords now asking an average of $2,185/month for rent",2024-07-09 16:26:45.131608,news.google.com/articles/CBMiaGh0dHBzOi8vd3d3LmN0dm5ld3MuY2EvY2FuYWRhL2NhbmFkYS1zLWxhbmRsb3Jkcy1ub3ctYXNraW5nLWFuLWF2ZXJhZ2Utb2YtMi0xODUtbW9udGgtZm9yLXJlbnQtMS42OTU3MjI10gEA?hl=en-CA&gl=CA&ceid=CA%3Aen
Canada urged to spend more on defence as NATO chief addresses summit,2024-07-09 16:27:24.433908,news.google.com/articles/CBMiSGh0dHBzOi8vZ2xvYmFsbmV3cy5jYS9uZXdzLzEwNjEyNTYwL25hdG8tc3VtbWl0LWRlZmVuY2Utc3BlbmRpbmctY2FuYWRhL9IBTGh0dHBzOi8vZ2xvYmFsbmV3cy5jYS9uZXdzLzEwNjEyNTYwL25hdG8tc3VtbWl0LWRlZmVuY2Utc3BlbmRpbmctY2FuYWRhL2FtcC8?hl=en-CA&gl=CA&ceid=CA%3Aen
Key things to know about Canada vs. Argentina’s Copa America semi-final,2024-07-09 16:27:24.433908,news.google.com/articles/CBMiYmh0dHBzOi8vd3d3LnRoZWdsb2JlYW5kbWFpbC5jb20vc3BvcnRzL3NvY2Nlci9hcnRpY2xlLWNhbmFkYS12cy1hcmdlbnRpbmEtc2VtaWZpbmFscy1ob3ctdG8td2F0Y2gv0gEA?hl=en-CA&gl=CA&ceid=CA%3Aen
First Nations leaders from across Canada gather in Montreal for AFN annual general assembly,2024-07-09 16:27:24.449599,news.google.com/articles/CBMiPWh0dHBzOi8vd3d3LmNiYy5jYS9uZXdzL2luZGlnZW5vdXMvYWZuLWFnYS1tb250cmVhbC0xLjcyNTc1NTDSASBodHRwczovL3d3dy5jYmMuY2EvYW1wLzEuNzI1NzU1MA?hl=en-CA&gl=CA&ceid=CA%3Aen
The United Church of Canada Releases First Strategic Plan Report,2024-07-09 16:27:24.449599,news.google.com/articles/CBMiV2h0dHBzOi8vdW5pdGVkLWNodXJjaC5jYS9uZXdzL3VuaXRlZC1jaHVyY2gtY2FuYWRhLXJlbGVhc2VzLWZpcnN0LXN0cmF0ZWdpYy1wbGFuLXJlcG9ydNIBAA?hl=en-CA&gl=CA&ceid=CA%3Aen
Moving truck driver says mechanical failure led to deadly crash on Trans-Canada Highway west of Calgary,2024-07-09 16:27:24.465540,news.google.com/articles/CBMiYGh0dHBzOi8vY2FsZ2FyeWhlcmFsZC5jb20vbmV3cy9jcmltZS9tZWNoYW5pY2FsLWZhaWx1cmUtZGVhZGx5LWNyYXNoLXRyYW5zLWNhbmFkYS1oaWdod2F5LWRyaXZlctIBAA?hl=en-CA&gl=CA&ceid=CA%3Aen
"Ottawa aims to clear Phoenix backlog by 2025, spend nearly $1B more",2024-07-09 17:26:45.128203,news.google.com/articles/CBMiVWh0dHBzOi8vZ2xvYmFsbmV3cy5jYS9uZXdzLzEwNjEzNDY0L3Bob2VuaXgtcGF5LXN5c3RlbS1iYWNrbG9nLW5ldy1zcGVuZGluZy1kZWFkbGluZS_SAVlodHRwczovL2dsb2JhbG5ld3MuY2EvbmV3cy8xMDYxMzQ2NC9waG9lbml4LXBheS1zeXN0ZW0tYmFja2xvZy1uZXctc3BlbmRpbmctZGVhZGxpbmUvYW1wLw?hl=en-CA&gl=CA&ceid=CA%3Aen
Record rainfall expected for parts of southwestern Ontario on Wednesday,2024-07-09 17:27:24.481180,news.google.com/articles/CBMiXmh0dHBzOi8vd3d3LmNiYy5jYS9uZXdzL2NhbmFkYS93aW5kc29yL3JhaW5mYWxsLXJlY29yZC1icmVha2luZy1zb3V0aHdlc3Rlcm4tb250YXJpby0xLjcyNTgzNznSASBodHRwczovL3d3dy5jYmMuY2EvYW1wLzEuNzI1ODM3OQ?hl=en-CA&gl=CA&ceid=CA%3Aen
"Drake places $300,000 bet on Canada to beat Argentina in Copa America semifinals",2024-07-09 17:27:24.481180,news.google.com/articles/CBMifGh0dHBzOi8vd3d3LnVzYXRvZGF5LmNvbS9zdG9yeS9zcG9ydHMvc29jY2VyLzIwMjQvMDcvMDkvZHJha2UtMzAway1iZXQtY2FuYWRhLWFyZ2VudGluYS1jb3BhLWFtZXJpY2Etc2VtaWZpbmFscy83NDM0NDMxOTAwNy_SAQA?hl=en-CA&gl=CA&ceid=CA%3Aen
Argentina 2-0 Canada: 2024 Copa América semi-final – as it happened,2024-07-09 18:26:45.127192,news.google.com/articles/CBMicmh0dHBzOi8vd3d3LnRoZWd1YXJkaWFuLmNvbS9mb290YmFsbC9saXZlLzIwMjQvanVsLzA5L2FyZ2VudGluYS12LWNhbmFkYS0yMDI0LWNvcGEtYW1lcmljYS1zZW1pLWZpbmFsLWxpdmUtdXBkYXRlc9IBAA?hl=en-CA&gl=CA&ceid=CA%3Aen
Ontario says nine listeriosis infections linked to recall of silk milk,2024-07-09 18:26:45.131608,news.google.com/articles/CBMidmh0dHBzOi8vd3d3LnRoZWdsb2JlYW5kbWFpbC5jb20vY2FuYWRhL2FydGljbGUtb250YXJpby1zYXlzLW5pbmUtbGlzdGVyaW9zaXMtaW5mZWN0aW9ucy1saW5rZWQtdG8tcmVjYWxsLW9mLXNpbGstbWlsay_SAQA?hl=en-CA&gl=CA&ceid=CA%3Aen
Canada’s Copa America dream run ends with 2-0 loss to Argentina in semi-final,2024-07-09 18:27:24.426857,news.google.com/articles/CBMid2h0dHBzOi8vd3d3LnRoZWdsb2JlYW5kbWFpbC5jb20vc3BvcnRzL3NvY2Nlci9hcnRpY2xlLWNhbmFkYS1wcmltZWQtZm9yLXJvbGUtb2YtZ2lhbnQta2lsbGVycy1pbi1jb3BhLXNlbWlzLWNsYXNoLXdpdGgv0gEA?hl=en-CA&gl=CA&ceid=CA%3Aen
Soccer frenzy in the nation’s capital,2024-07-09 18:27:24.426857,news.google.com/articles/CBMiSWh0dHBzOi8vb3R0YXdhLmN0dm5ld3MuY2Evc29jY2VyLWZyZW56eS1pbi10aGUtbmF0aW9uLXMtY2FwaXRhbC0xLjY5NTc1MDfSAQA?hl=en-CA&gl=CA&ceid=CA%3Aen
Drake bets big on Canada to upset Argentina in Copa America semifinals,2024-07-09 18:27:24.433908,news.google.com/articles/CBMidWh0dHBzOi8vd3d3LmN0dm5ld3MuY2EvZW50ZXJ0YWlubWVudC9kcmFrZS1iZXRzLWJpZy1vbi1jYW5hZGEtdG8tdXBzZXQtYXJnZW50aW5hLWluLWNvcGEtYW1lcmljYS1zZW1pZmluYWxzLTEuNjk1NzUxMdIBAA?hl=en-CA&gl=CA&ceid=CA%3Aen
"Ontario reports five people hospitalized with listeriosis, as Silk and Great Value beverages recalled across Canada",2024-07-09 18:27:24.449599,news.google.com/articles/CBMiwQFodHRwczovL3d3dy50aGVzdGFyLmNvbS9uZXdzL2NhbmFkYS9vbnRhcmlvLXJlcG9ydHMtZml2ZS1wZW9wbGUtaG9zcGl0YWxpemVkLXdpdGgtbGlzdGVyaW9zaXMtYXMtc2lsay1hbmQtZ3JlYXQtdmFsdWUtYmV2ZXJhZ2VzLXJlY2FsbGVkLWFjcm9zcy9hcnRpY2xlX2Q0YmI0YmE4LTNlMTUtMTFlZi1hODhjLWZiMjczNGQ2MGFiYS5odG1s0gHFAWh0dHBzOi8vd3d3LnRoZXN0YXIuY29tL25ld3MvY2FuYWRhL29udGFyaW8tcmVwb3J0cy1maXZlLXBlb3BsZS1ob3NwaXRhbGl6ZWQtd2l0aC1saXN0ZXJpb3Npcy1hcy1zaWxrLWFuZC1ncmVhdC12YWx1ZS1iZXZlcmFnZXMtcmVjYWxsZWQtYWNyb3NzL2FydGljbGVfZDRiYjRiYTgtM2UxNS0xMWVmLWE4OGMtZmIyNzM0ZDYwYWJhLmFtcC5odG1s?hl=en-CA&gl=CA&ceid=CA%3Aen
Thunderstorms flood Trans-Canada Highway near Pasadena,2024-07-09 18:27:24.462518,news.google.com/articles/CBMiWGh0dHBzOi8vd3d3LmNiYy5jYS9uZXdzL2NhbmFkYS9uZXdmb3VuZGxhbmQtbGFicmFkb3IvcGFzYWRlbmEtaGlnaHdheS1mbG9vZGluZy0xLjcyNTg2NTLSASBodHRwczovL3d3dy5jYmMuY2EvYW1wLzEuNzI1ODY1Mg?hl=en-CA&gl=CA&ceid=CA%3Aen
Durant (calf) out for USA's friendly vs. Canada,2024-07-09 18:27:24.465540,news.google.com/articles/CBMiWmh0dHBzOi8vd3d3LmVzcG4uY29tL25iYS9zdG9yeS9fL2lkLzQwNTI4OTg3L2tldmluLWR1cmFudC1jYWxmLXRlYW0tdXNhLWZyaWVuZGx5LXZzLWNhbmFkYdIBAA?hl=en-CA&gl=CA&ceid=CA%3Aen
Wildfire danger soars as heat wave envelops Western Canada,2024-07-09 19:27:24.481180,news.google.com/articles/CBMic2h0dHBzOi8vd3d3LnRoZWdsb2JlYW5kbWFpbC5jb20vY2FuYWRhL2FsYmVydGEvYXJ0aWNsZS13aWxkZmlyZS1kYW5nZXItc29hcnMtYXMtaGVhdC13YXZlLWVudmVsb3Blcy13ZXN0ZXJuLWNhbmFkYS_SAQA?hl=en-CA&gl=CA&ceid=CA%3Aen
Alvarez scores as Argentina leads Canada at halftime of Copa America semifinal,2024-07-09 20:26:45.075148,news.google.com/articles/CBMieWh0dHBzOi8vd3d3LnRzbi5jYS9zb2NjZXIvanVsaWFuLWFsdmFyZXotc2NvcmVzLWFzLWFyZ2VudGluYS1sZWFkcy1jYW5hZGEtYXQtaGFsZnRpbWUtb2YtY29wYS1hbWVyaWNhLXNlbWlmaW5hbC0xLjIxNDY1MDfSAXpodHRwczovL3d3dy50c24uY2EvanVsaWFuLWFsdmFyZXotc2NvcmVzLWFzLWFyZ2VudGluYS1sZWFkcy1jYW5hZGEtYXQtaGFsZnRpbWUtb2YtY29wYS1hbWVyaWNhLXNlbWlmaW5hbC0xLjIxNDY1MDc_dHNuLWFtcA?hl=en-CA&gl=CA&ceid=CA%3Aen
"Extreme June heatwave 'much more likely' caused by human-made climate change, says Environment Canada",2024-07-09 20:27:24.465540,news.google.com/articles/CBMijQFodHRwczovL2F0bGFudGljLmN0dm5ld3MuY2EvbW9yZS9leHRyZW1lLWp1bmUtaGVhdHdhdmUtbXVjaC1tb3JlLWxpa2VseS1jYXVzZWQtYnktaHVtYW4tbWFkZS1jbGltYXRlLWNoYW5nZS1zYXlzLWVudmlyb25tZW50LWNhbmFkYS0xLjY5NTc2MznSAQA?hl=en-CA&gl=CA&ceid=CA%3Aen
Argentina tops Canada 2-0 to advance to Copa América final,2024-07-09 21:26:45.067635,news.google.com/articles/CBMiXWh0dHBzOi8vd3d3LmZveHNwb3J0cy5jb20vc3Rvcmllcy9zb2NjZXIvYXJnZW50aW5hLXRvcHMtY2FuYWRhLTItMC1hZHZhbmNlLWNvcGEtYW1lcmljYS1maW5hbNIBXWh0dHBzOi8vYW1wLmZveHNwb3J0cy5jb20vc3Rvcmllcy9zb2NjZXIvYXJnZW50aW5hLXRvcHMtY2FuYWRhLTItMC1hZHZhbmNlLWNvcGEtYW1lcmljYS1maW5hbA?hl=en-CA&gl=CA&ceid=CA%3Aen
The Breakdown | Nunavut grows up + Canada and NATO,2024-07-09 21:26:45.075148,news.google.com/articles/CBMiLmh0dHBzOi8vd3d3LmNiYy5jYS9wbGF5ZXIvcGxheS92aWRlby85LjY0NDM4MzLSAQA?hl=en-CA&gl=CA&ceid=CA%3Aen
Vote for Canada’s best litigation boutiques for 2024-25,2024-07-09 21:26:45.090846,news.google.com/articles/CBMibGh0dHBzOi8vd3d3LmNhbmFkaWFubGF3eWVybWFnLmNvbS9uZXdzL2dlbmVyYWwvdm90ZS1mb3ItY2FuYWRhcy1iZXN0LWxpdGlnYXRpb24tYm91dGlxdWVzLWZvci0yMDI0LTI1LzM4NzIyONIBAA?hl=en-CA&gl=CA&ceid=CA%3Aen
Government of Canada publishes a report to tackle anti-black racism in the justice system,2024-07-09 21:26:45.090846,news.google.com/articles/CBMijwFodHRwczovL3d3dy5jYW5hZGlhbmxhd3llcm1hZy5jb20vbmV3cy9nZW5lcmFsL2dvdmVybm1lbnQtb2YtY2FuYWRhLXB1Ymxpc2hlcy1hLXJlcG9ydC10by10YWNrbGUtYW50aS1ibGFjay1yYWNpc20taW4tdGhlLWp1c3RpY2Utc3lzdGVtLzM4NzIyOdIBAA?hl=en-CA&gl=CA&ceid=CA%3Aen
Supreme Court Justice recuses himself from Quebec secularism law case,2024-07-09 21:26:45.127192,news.google.com/articles/CBMiSmh0dHBzOi8vd3d3LmNiYy5jYS9uZXdzL2NhbmFkYS9tb250cmVhbC9zY2otbWFobXVkLWphbWFsLXJlY3VzYWwtMS43MjU5MDA40gEgaHR0cHM6Ly93d3cuY2JjLmNhL2FtcC8xLjcyNTkwMDg?hl=en-CA&gl=CA&ceid=CA%3Aen
Argentina ends Canada's run to reach Copa America final again,2024-07-09 21:26:45.131608,news.google.com/articles/CBMiK2h0dHBzOi8vd3d3LnRoZXNjb3JlLmNvbS90b3Bzbi9uZXdzLzI5Mzc4NjPSAQA?hl=en-CA&gl=CA&ceid=CA%3Aen
Canada's historic Copa America run ends with semifinal loss to Argentina,2024-07-09 21:27:24.417838,news.google.com/articles/CBMiVWh0dHBzOi8vd3d3LmNiYy5jYS9zcG9ydHMvc29jY2VyL2NvcGEtYW1lcmljYS1jYW5hZGEtYXJnZW50aW5hLXJlY2FwLWp1bHktOS0xLjcyNTg3MzHSASBodHRwczovL3d3dy5jYmMuY2EvYW1wLzEuNzI1ODczMQ?hl=en-CA&gl=CA&ceid=CA%3Aen
"Canada undone by Álvarez, Messi in hard-fought Copa América semifinal vs. Argentina",2024-07-09 21:27:24.417838,news.google.com/articles/CBMiamh0dHBzOi8vY2FucGwuY2EvYXJ0aWNsZS9jYW5hZGEtdW5kb25lLWJ5LWFsdmFyZXotbWVzc2ktaW4taGFyZC1mb3VnaHQtY29wYS1hbWVyaWNhLXNlbWlmaW5hbC12cy1hcmdlbnRpbmHSAQA?hl=en-CA&gl=CA&ceid=CA%3Aen
Canada’s Alphonso Davies exits Copa America semifinal vs. Argentina,2024-07-09 21:27:24.433908,news.google.com/articles/CBMiamh0dHBzOi8vd3d3LnNwb3J0c25ldC5jYS9zb2NjZXIvYXJ0aWNsZS9jYW5hZGFzLWFscGhvbnNvLWRhdmllcy1leGl0cy1jb3BhLWFtZXJpY2Etc2VtaWZpbmFsLXZzLWFyZ2VudGluYS_SAWlodHRwczovL3d3dy5zcG9ydHNuZXQuY2Evc29jY2VyL2NhbmFkYXMtYWxwaG9uc28tZGF2aWVzLWV4aXRzLWNvcGEtYW1lcmljYS1zZW1pZmluYWwtdnMtYXJnZW50aW5hL3NuLWFtcC8?hl=en-CA&gl=CA&ceid=CA%3Aen
Messi scores first goal of Copa America against Canada,2024-07-09 21:27:24.433908,news.google.com/articles/CBMib2h0dHBzOi8vd3d3LnRzbi5jYS9zb2NjZXIvbGlvbmVsLW1lc3NpLXNjb3Jlcy1maXJzdC1nb2FsLW9mLWNvcGEtYW1lcmljYS1mb3ItYXJnZW50aW5hLWFnYWluc3QtY2FuYWRhLTEuMjE0NjUxNtIBcGh0dHBzOi8vd3d3LnRzbi5jYS9saW9uZWwtbWVzc2ktc2NvcmVzLWZpcnN0LWdvYWwtb2YtY29wYS1hbWVyaWNhLWZvci1hcmdlbnRpbmEtYWdhaW5zdC1jYW5hZGEtMS4yMTQ2NTE2P3Rzbi1hbXA?hl=en-CA&gl=CA&ceid=CA%3Aen
"Lionel Messi scores goal, Argentina tops Canada to reach Copa America final",2024-07-09 21:27:24.433908,news.google.com/articles/CBMiiAFodHRwczovL3d3dy51c2F0b2RheS5jb20vc3Rvcnkvc3BvcnRzL3NvY2Nlci8yMDI0LzA3LzA5L2FyZ2VudGluYS1jYW5hZGEtbGl2ZS1zY29yZS1oaWdobGlnaHRzLW1lc3NpLWNvcGEtYW1lcmljYS1zZW1pZmluYWwvNzQzMzc4NTMwMDcv0gEA?hl=en-CA&gl=CA&ceid=CA%3Aen
Canada falls to Argentina in Copa America semifinal,2024-07-09 21:27:24.433908,news.google.com/articles/CBMiV2h0dHBzOi8vd3d3LmNwMjQuY29tL25ld3MvY2FuYWRhLWZhbGxzLXRvLWFyZ2VudGluYS1pbi1jb3BhLWFtZXJpY2Etc2VtaWZpbmFsLTEuNjk1NzcxM9IBAA?hl=en-CA&gl=CA&ceid=CA%3Aen
Argentina vs. Canada highlights: Messi and Álvarez goals send Argentina to the Copa América final,2024-07-09 21:27:24.449599,news.google.com/articles/CBMidGh0dHBzOi8vd3d3LmZveHNwb3J0cy5jb20vbGl2ZS1ibG9nL3NvY2Nlci9hcmdlbnRpbmEtdnMtY2FuYWRhLWxpdmUtdXBkYXRlcy10b3AtbW9tZW50cy1mcm9tLWNvcGEtYW1lcmljYS1zZW1pZmluYWxz0gEA?hl=en-CA&gl=CA&ceid=CA%3Aen
"Canada loses to Argentina in Copa America semifinal, but the lessons have been golden",2024-07-09 21:27:24.465540,news.google.com/articles/CBMirAFodHRwczovL3d3dy50aGVzdGFyLmNvbS9zcG9ydHMvc29jY2VyL2NhbmFkYS1sb3Nlcy10by1hcmdlbnRpbmEtaW4tY29wYS1hbWVyaWNhLXNlbWlmaW5hbC1idXQtdGhlLWxlc3NvbnMtaGF2ZS1iZWVuLWdvbGRlbi9hcnRpY2xlX2ExZTAxMjRjLTNkZmYtMTFlZi04Y2UwLTQ3MWYxODY1MzRiNy5odG1s0gGwAWh0dHBzOi8vd3d3LnRoZXN0YXIuY29tL3Nwb3J0cy9zb2NjZXIvY2FuYWRhLWxvc2VzLXRvLWFyZ2VudGluYS1pbi1jb3BhLWFtZXJpY2Etc2VtaWZpbmFsLWJ1dC10aGUtbGVzc29ucy1oYXZlLWJlZW4tZ29sZGVuL2FydGljbGVfYTFlMDEyNGMtM2RmZi0xMWVmLThjZTAtNDcxZjE4NjUzNGI3LmFtcC5odG1s?hl=en-CA&gl=CA&ceid=CA%3Aen
Argentina vs. Canada Highlights | 2024 Copa América | Semifinals,2024-07-09 21:27:24.481180,news.google.com/articles/CBMiNGh0dHBzOi8vd3d3LmZveHNwb3J0cy5jb20vd2F0Y2gvZm1jLTY0eGF4NmE3bXpiOTNxOGzSAQA?hl=en-CA&gl=CA&ceid=CA%3Aen
"Argentina 2-0 Canada (Jul 9, 2024) Game Analysis",2024-07-09 22:26:45.075148,news.google.com/articles/CBMiMmh0dHBzOi8vd3d3LmVzcG4uY29tL3NvY2Nlci9yZXBvcnQvXy9nYW1lSWQvNzAzOTUw0gEA?hl=en-CA&gl=CA&ceid=CA%3Aen
What's open and closed in Ottawa on Canada Day 2024,2024-07-09 22:26:45.090846,news.google.com/articles/CBMiRWh0dHBzOi8vY2EubmV3cy55YWhvby5jb20vd2hhdHMtb3Blbi1jbG9zZWQtY2FuYWRhLWRheS0wODAwMDA1MzEuaHRtbNIBAA?hl=en-CA&gl=CA&ceid=CA%3Aen
‘Proud of this group’: Fans react to Canada’s historic run at Copa America,2024-07-09 22:26:45.130208,news.google.com/articles/CBMib2h0dHBzOi8vd3d3LnNwb3J0c25ldC5jYS9zb2NjZXIvYXJ0aWNsZS9wcm91ZC1vZi10aGlzLWdyb3VwLWZhbnMtcmVhY3QtdG8tY2FuYWRhcy1oaXN0b3JpYy1ydW4tYXQtY29wYS1hbWVyaWNhL9IBbmh0dHBzOi8vd3d3LnNwb3J0c25ldC5jYS9zb2NjZXIvcHJvdWQtb2YtdGhpcy1ncm91cC1mYW5zLXJlYWN0LXRvLWNhbmFkYXMtaGlzdG9yaWMtcnVuLWF0LWNvcGEtYW1lcmljYS9zbi1hbXAv?hl=en-CA&gl=CA&ceid=CA%3Aen
Copa América: Messi and Álvarez fire Argentina past Canada and into final,2024-07-09 22:26:45.131608,news.google.com/articles/CBMidWh0dHBzOi8vd3d3LnRoZWd1YXJkaWFuLmNvbS9mb290YmFsbC9hcnRpY2xlLzIwMjQvanVsLzA5L2NvcGEtYW1lcmljYS1jYW5hZGEtYXJnZW50aW5hLXNlbWktZmluYWwtbWF0Y2gtcmVwb3J0LXJlc3VsdNIBdWh0dHBzOi8vYW1wLnRoZWd1YXJkaWFuLmNvbS9mb290YmFsbC9hcnRpY2xlLzIwMjQvanVsLzA5L2NvcGEtYW1lcmljYS1jYW5hZGEtYXJnZW50aW5hLXNlbWktZmluYWwtbWF0Y2gtcmVwb3J0LXJlc3VsdA?hl=en-CA&gl=CA&ceid=CA%3Aen
"At Copa America, Canada’s predictable defeat comes with the promise of something bigger",2024-07-09 22:27:24.463530,news.google.com/articles/CBMiVWh0dHBzOi8vd3d3LnRoZWdsb2JlYW5kbWFpbC5jb20vc3BvcnRzL2FydGljbGUtY2FuYWRhLWFyZ2VudGluYS1jb3BhLWFtZXJpY2EtcmVzdWx0cy_SAQA?hl=en-CA&gl=CA&ceid=CA%3Aen
Regulatory framework of laboratory developed tests: Canada vs U.S.,2024-07-09 23:26:45.075148,news.google.com/articles/CBMiZ2h0dHBzOi8vd3d3LmJsZy5jb20vZW4vaW5zaWdodHMvMjAyNC8wNy9yZWd1bGF0b3J5LWZyYW1ld29yay1vZi1sYWJvcmF0b3J5LWRldmVsb3BlZC10ZXN0cy1jYW5hZGEtdnMtdXPSAQA?hl=en-CA&gl=CA&ceid=CA%3Aen
"Canada insurers investing in fossil fuels as climate risks grow, shareholder group says",2024-07-09 23:26:45.090846,news.google.com/articles/CBMiV2h0dHBzOi8vY2EuZmluYW5jZS55YWhvby5jb20vbmV3cy9jYW5hZGEtaW5zdXJlcnMtaW52ZXN0aW5nLWZvc3NpbC1mdWVscy0wNDA5MzY4ODIuaHRtbNIBAA?hl=en-CA&gl=CA&ceid=CA%3Aen
Heat wave bakes Texas amid power outages while Canada braces for wildfires,2024-07-09 23:26:45.130208,news.google.com/articles/CBMigwFodHRwczovL3d3dy50aGV3ZWF0aGVybmV0d29yay5jb20vZW4vbmV3cy93ZWF0aGVyL3NldmVyZS9oZWF0LXdhdmUtYmFrZXMtdGV4YXMtYW1pZC1wb3dlci1vdXRhZ2VzLXdoaWxlLWNhbmFkYS1icmFjZXMtZm9yLXdpbGRmaXJlc9IBAA?hl=en-CA&gl=CA&ceid=CA%3Aen
Copa America Takeaways: Canada learns valuable lesson in loss to Argentina,2024-07-09 23:27:24.417838,news.google.com/articles/CBMicmh0dHBzOi8vd3d3LnNwb3J0c25ldC5jYS9zb2NjZXIvYXJ0aWNsZS9jb3BhLWFtZXJpY2EtdGFrZWF3YXlzLWNhbmFkYS1sZWFybnMtdmFsdWFibGUtbGVzc29uLWluLWxvc3MtdG8tYXJnZW50aW5hL9IBcWh0dHBzOi8vd3d3LnNwb3J0c25ldC5jYS9zb2NjZXIvY29wYS1hbWVyaWNhLXRha2Vhd2F5cy1jYW5hZGEtbGVhcm5zLXZhbHVhYmxlLWxlc3Nvbi1pbi1sb3NzLXRvLWFyZ2VudGluYS9zbi1hbXAv?hl=en-CA&gl=CA&ceid=CA%3Aen
"Lionel Messi scores, Argentina brushes aside Canada, waltzes into Copa América final",2024-07-09 23:27:24.426857,news.google.com/articles/CBMif2h0dHBzOi8vc3BvcnRzLnlhaG9vLmNvbS9saXZlL2xpb25lbC1tZXNzaS1zY29yZXMtYXJnZW50aW5hLWJydXNoZXMtYXNpZGUtY2FuYWRhLXdhbHR6ZXMtaW50by1jb3BhLWFtZXJpY2EtZmluYWwtMjMzODA1Njk1Lmh0bWzSAQA?hl=en-CA&gl=CA&ceid=CA%3Aen
Canada manager Jesse Marsch postgame presser after loss to Argentina in Copa América,2024-07-09 23:27:24.433908,news.google.com/articles/CBMiNGh0dHBzOi8vd3d3LmZveHNwb3J0cy5jb20vd2F0Y2gvZm1jLWJ0YjhhZG44ZzhwdWN0NjjSAQA?hl=en-CA&gl=CA&ceid=CA%3Aen
Canada’s discourse on finfish aquaculture is environmental extremism at its finest,2024-07-10 00:26:45.090846,news.google.com/articles/CBMihAFodHRwczovL3d3dy5oaWxsdGltZXMuY29tL3N0b3J5LzIwMjQvMDcvMTAvY2FuYWRhcy1kaXNjb3Vyc2Utb24tZmluZmlzaC1hcXVhY3VsdHVyZS1pcy1lbnZpcm9ubWVudGFsLWV4dHJlbWlzbS1hdC1pdHMtZmluZXN0LzQyNzY4OS_SAQA?hl=en-CA&gl=CA&ceid=CA%3Aen
"Opinion: Diversity trends, actions and results",2024-07-10 00:26:45.090846,news.google.com/articles/CBMiUGh0dHBzOi8vd3d3LnB1bHBhbmRwYXBlcmNhbmFkYS5jb20vb3Bpbmlvbi1kaXZlcnNpdHktdHJlbmRzLWFjdGlvbnMtYW5kLXJlc3VsdHMv0gEA?hl=en-CA&gl=CA&ceid=CA%3Aen
Feds need to be accountable as Canadian diplomats’ health-care woes persist: union head,2024-07-10 00:26:45.106418,news.google.com/articles/CBMijQFodHRwczovL3d3dy5oaWxsdGltZXMuY29tL3N0b3J5LzIwMjQvMDcvMTAvZmVkcy1uZWVkLXRvLXRha2UtYWNjb3VudGFiaWxpdHktYXMtY2FuYWRpYW4tZGlwbG9tYXRzLWhlYWx0aC1jYXJlLXdvZXMtcGVyc2lzdC11bmlvbi1oZWFkLzQyNzcwMy_SAQA?hl=en-CA&gl=CA&ceid=CA%3Aen
Messi's 109th goal leads defending champion Argentina over Canada 2-0 and into Copa America final,2024-07-10 00:27:24.426857,news.google.com/articles/CBMiZWh0dHBzOi8vYXBuZXdzLmNvbS9hcnRpY2xlL2NvcGEtYW1lcmljYS1tZXNzaS1jYW5hZGEtYXJnZW50aW5hLXNjb3JlLTQ4YWI4NjllODlmYWJjNzUyMGU3ZjZiMDdjYzRjMmQz0gEA?hl=en-CA&gl=CA&ceid=CA%3Aen
The National | Canada’s historic Copa semifinal showdown,2024-07-10 00:27:24.433908,news.google.com/articles/CBMiLmh0dHBzOi8vd3d3LmNiYy5jYS9wbGF5ZXIvcGxheS92aWRlby85LjQyMzYxNjTSAQA?hl=en-CA&gl=CA&ceid=CA%3Aen
Closing the gap,2024-07-10 00:27:24.461229,news.google.com/articles/CBMiQWh0dHBzOi8va3BtZy5jb20vY2EvZW4vaG9tZS9pbnNpZ2h0cy8yMDI0LzA3L2Nsb3NpbmctdGhlLWdhcC5odG1s0gEA?hl=en-CA&gl=CA&ceid=CA%3Aen
CTV National News: Sweltering heat in Canada,2024-07-10 01:26:45.106418,news.google.com/articles/CBMibGh0dHBzOi8vYXRsYW50aWMuY3R2bmV3cy5jYS92aWRlby9jMjk1NTc0My1jdHYtbmF0aW9uYWwtbmV3cy0tc3dlbHRlcmluZy1oZWF0LWluLWNhbmFkYT9wbGF5bGlzdElkPTEuNjk1Mzk3N9IBAA?hl=en-CA&gl=CA&ceid=CA%3Aen
FSC Canada approves updated Group Chain of Custody criteria,2024-07-10 01:26:45.106418,news.google.com/articles/CBMiX2h0dHBzOi8vd3d3LnB1bHBhbmRwYXBlcmNhbmFkYS5jb20vZnNjLWNhbmFkYS1hcHByb3Zlcy11cGRhdGVkLWdyb3VwLWNoYWluLW9mLWN1c3RvZHktY3JpdGVyaWEv0gEA?hl=en-CA&gl=CA&ceid=CA%3Aen
CTV National News: De Rosario on Canada's run,2024-07-10 01:26:45.131608,news.google.com/articles/CBMiT2h0dHBzOi8vY3R2bmV3cy5jYS92aWRlby9jMjk1NTc0MC1jdHYtbmF0aW9uYWwtbmV3cy0tZGUtcm9zYXJpby1vbi1jYW5hZGEtcy1ydW7SAQA?hl=en-CA&gl=CA&ceid=CA%3Aen
What is teqball?,2024-07-10 01:27:24.433908,news.google.com/articles/CBMiLmh0dHBzOi8vd3d3LmNiYy5jYS9wbGF5ZXIvcGxheS92aWRlby85LjY0NDI1MjHSAQA?hl=en-CA&gl=CA&ceid=CA%3Aen
"Canada's Copa América success lays groundwork for World Cup: ""The goal is 2026""",2024-07-10 01:27:24.465540,news.google.com/articles/CBMia2h0dHBzOi8vd3d3Lm1sc3NvY2Nlci5jb20vbmV3cy9jYW5hZGEtcy1jb3BhLWFtZXJpY2Etc3VjY2Vzcy1sYXlzLWdyb3VuZHdvcmstZm9yLXdvcmxkLWN1cC10aGUtZ29hbC1pcy0yMDI20gEA?hl=en-CA&gl=CA&ceid=CA%3Aen
Zachary Patterson: Canada must reclaim its wayward universities. Here’s how,2024-07-10 02:27:24.433908,news.google.com/articles/CBMiZmh0dHBzOi8vdGhlaHViLmNhLzIwMjQvMDcvMTAvemFjaGFyeS1wYXR0ZXJzb24tY2FuYWRhLW11c3QtcmVjbGFpbS1pdHMtd2F5d2FyZC11bml2ZXJzaXRpZXMtaGVyZXMtaG93L9IBAA?hl=en-CA&gl=CA&ceid=CA%3Aen
